Old Path / URL,New Target Path,Status Code
"/","/","301"
"/en","/en","301"
"/collections","/collections","301"
"/en/collections","/en/collections","301"
"/products","/products","301"
"/en/products","/en/products","301"
"/vouchers","/vouchers","301"
"/en/vouchers","/en/vouchers","301"
"/buy-gift-card","/buy-gift-card","301"
"/en/buy-gift-card","/en/buy-gift-card","301"
"/cart","/cart","301"
"/en/cart","/en/cart","301"
"/account","/account","301"
"/en/account","/en/account","301"
"/products/nutcracker-large","/products/nutcracker-large","301"
"/en/products/nutcracker-large","/en/products/nutcracker-large","301"
"/products/doom-cake","/products/doom-cake","301"
"/en/products/doom-cake","/en/products/doom-cake","301"
"/products/soksia-cake-slice","/products/soksia-cake-slice","301"
"/en/products/soksia-cake-slice","/en/products/soksia-cake-slice","301"
"/products/nutcracker-slice","/products/nutcracker-slice","301"
"/en/products/nutcracker-slice","/en/products/nutcracker-slice","301"
"/products/flan-vanilla-with-pecan-nuts-large","/products/flan-vanilla-with-pecan-nuts-large","301"
"/en/products/flan-vanilla-with-pecan-nuts-large","/en/products/flan-vanilla-with-pecan-nuts-large","301"
"/products/small-mango-brulee-cup","/products/small-mango-brulee-cup","301"
"/en/products/small-mango-brulee-cup","/en/products/small-mango-brulee-cup","301"
"/products/coconut-mango-cake","/products/coconut-mango-cake","301"
"/en/products/coconut-mango-cake","/en/products/coconut-mango-cake","301"
"/products/tutti-frutti-cake","/products/tutti-frutti-cake","301"
"/en/products/tutti-frutti-cake","/en/products/tutti-frutti-cake","301"
"/products/tutti-frutti-pieces","/products/tutti-frutti-pieces","301"
"/en/products/tutti-frutti-pieces","/en/products/tutti-frutti-pieces","301"
"/products/golden-mango-cake","/products/golden-mango-cake","301"
"/en/products/golden-mango-cake","/en/products/golden-mango-cake","301"
"/products/golden-mango-slices","/products/golden-mango-slices","301"
"/en/products/golden-mango-slices","/en/products/golden-mango-slices","301"
"/products/small-vanilla-chips-cookies","/products/small-vanilla-chips-cookies","301"
"/en/products/small-vanilla-chips-cookies","/en/products/small-vanilla-chips-cookies","301"
"/products/red-berry-cheesecake-piece","/products/red-berry-cheesecake-piece","301"
"/en/products/red-berry-cheesecake-piece","/en/products/red-berry-cheesecake-piece","301"
"/products/caramel-mille-feuille","/products/caramel-mille-feuille","301"
"/en/products/caramel-mille-feuille","/en/products/caramel-mille-feuille","301"
"/products/inside-out-cheesecake","/products/inside-out-cheesecake","301"
"/en/products/inside-out-cheesecake","/en/products/inside-out-cheesecake","301"
"/products/maroon-glace-cake","/products/maroon-glace-cake","301"
"/en/products/maroon-glace-cake","/en/products/maroon-glace-cake","301"
"/products/strawberry-dream-cake","/products/strawberry-dream-cake","301"
"/en/products/strawberry-dream-cake","/en/products/strawberry-dream-cake","301"
"/products/large-karak-latte-cake","/products/large-karak-latte-cake","301"
"/en/products/large-karak-latte-cake","/en/products/large-karak-latte-cake","301"
"/products/small-karak-latte-cake","/products/small-karak-latte-cake","301"
"/en/products/small-karak-latte-cake","/en/products/small-karak-latte-cake","301"
"/products/tiramisu-cake-piece","/products/tiramisu-cake-piece","301"
"/en/products/tiramisu-cake-piece","/en/products/tiramisu-cake-piece","301"
"/products/small-chocolate-cookies","/products/small-chocolate-cookies","301"
"/en/products/small-chocolate-cookies","/en/products/small-chocolate-cookies","301"
"/products/nutella-brownies-cookies","/products/nutella-brownies-cookies","301"
"/en/products/nutella-brownies-cookies","/en/products/nutella-brownies-cookies","301"
"/products/piece-of-raffaello-cake","/products/piece-of-raffaello-cake","301"
"/en/products/piece-of-raffaello-cake","/en/products/piece-of-raffaello-cake","301"
"/products/pistachio-kunafa-choco-cake-piece","/products/pistachio-kunafa-choco-cake-piece","301"
"/en/products/pistachio-kunafa-choco-cake-piece","/en/products/pistachio-kunafa-choco-cake-piece","301"
"/products/piece-of-chocolate-mousse","/products/piece-of-chocolate-mousse","301"
"/en/products/piece-of-chocolate-mousse","/en/products/piece-of-chocolate-mousse","301"
"/products/pecan-caramel-cheesecake-piece","/products/pecan-caramel-cheesecake-piece","301"
"/en/products/pecan-caramel-cheesecake-piece","/en/products/pecan-caramel-cheesecake-piece","301"
"/products/kinder-cake","/products/kinder-cake","301"
"/en/products/kinder-cake","/en/products/kinder-cake","301"
"/products/large-chocolate-mousse","/products/large-chocolate-mousse","301"
"/en/products/large-chocolate-mousse","/en/products/large-chocolate-mousse","301"
"/products/piece-of-strawberry-cake","/products/piece-of-strawberry-cake","301"
"/en/products/piece-of-strawberry-cake","/en/products/piece-of-strawberry-cake","301"
"/products/small-mousse-cake","/products/small-mousse-cake","301"
"/en/products/small-mousse-cake","/en/products/small-mousse-cake","301"
"/products/mango-delight-cake","/products/mango-delight-cake","301"
"/en/products/mango-delight-cake","/en/products/mango-delight-cake","301"
"/products/large-fruit-cake","/products/large-fruit-cake","301"
"/en/products/large-fruit-cake","/en/products/large-fruit-cake","301"
"/products/small-fruit-cake","/products/small-fruit-cake","301"
"/en/products/small-fruit-cake","/en/products/small-fruit-cake","301"
"/products/dew-piece","/products/dew-piece","301"
"/en/products/dew-piece","/en/products/dew-piece","301"
"/products/large-strawberry-cake","/products/large-strawberry-cake","301"
"/en/products/large-strawberry-cake","/en/products/large-strawberry-cake","301"
"/products/small-strawberry-cake","/products/small-strawberry-cake","301"
"/en/products/small-strawberry-cake","/en/products/small-strawberry-cake","301"
"/products/large-sub-chocolate-cake","/products/large-sub-chocolate-cake","301"
"/en/products/large-sub-chocolate-cake","/en/products/large-sub-chocolate-cake","301"
"/products/nutella-brownies-cookies-1-piece","/products/nutella-brownies-cookies-1-piece","301"
"/en/products/nutella-brownies-cookies-1-piece","/en/products/nutella-brownies-cookies-1-piece","301"
"/products/large-snickers-cake","/products/large-snickers-cake","301"
"/en/products/large-snickers-cake","/en/products/large-snickers-cake","301"
"/products/small-snickers-cake","/products/small-snickers-cake","301"
"/en/products/small-snickers-cake","/en/products/small-snickers-cake","301"
"/products/rich-fruit-cake","/products/rich-fruit-cake","301"
"/en/products/rich-fruit-cake","/en/products/rich-fruit-cake","301"
"/products/rectangular-roche-cake","/products/rectangular-roche-cake","301"
"/en/products/rectangular-roche-cake","/en/products/rectangular-roche-cake","301"
"/products/tiramisu-cake","/products/tiramisu-cake","301"
"/en/products/tiramisu-cake","/en/products/tiramisu-cake","301"
"/products/large-black-forest-cake","/products/large-black-forest-cake","301"
"/en/products/large-black-forest-cake","/en/products/large-black-forest-cake","301"
"/products/kitkat-cake","/products/kitkat-cake","301"
"/en/products/kitkat-cake","/en/products/kitkat-cake","301"
"/products/caramel-peanut-slice","/products/caramel-peanut-slice","301"
"/en/products/caramel-peanut-slice","/en/products/caramel-peanut-slice","301"
"/products/red-forest-fruit-cake","/products/red-forest-fruit-cake","301"
"/en/products/red-forest-fruit-cake","/en/products/red-forest-fruit-cake","301"
"/products/blueberry-cheesecake-piece","/products/blueberry-cheesecake-piece","301"
"/en/products/blueberry-cheesecake-piece","/en/products/blueberry-cheesecake-piece","301"
"/products/pistachio-kunafa-choco-cake","/products/pistachio-kunafa-choco-cake","301"
"/en/products/pistachio-kunafa-choco-cake","/en/products/pistachio-kunafa-choco-cake","301"
"/products/mango-cheesecake-piece","/products/mango-cheesecake-piece","301"
"/en/products/mango-cheesecake-piece","/en/products/mango-cheesecake-piece","301"
"/products/red-velvet-crunch-bar","/products/red-velvet-crunch-bar","301"
"/en/products/red-velvet-crunch-bar","/en/products/red-velvet-crunch-bar","301"
"/products/snickers-cake-piece","/products/snickers-cake-piece","301"
"/en/products/snickers-cake-piece","/en/products/snickers-cake-piece","301"
"/products/large-red-velvet-cake","/products/large-red-velvet-cake","301"
"/en/products/large-red-velvet-cake","/en/products/large-red-velvet-cake","301"
"/products/kitkat-cake-piece","/products/kitkat-cake-piece","301"
"/en/products/kitkat-cake-piece","/en/products/kitkat-cake-piece","301"
"/products/small-red-velvet-cake","/products/small-red-velvet-cake","301"
"/en/products/small-red-velvet-cake","/en/products/small-red-velvet-cake","301"
"/products/roche-cake-large","/products/roche-cake-large","301"
"/en/products/roche-cake-large","/en/products/roche-cake-large","301"
"/products/roche-cake-small","/products/roche-cake-small","301"
"/en/products/roche-cake-small","/en/products/roche-cake-small","301"
"/products/rocher-piece","/products/rocher-piece","301"
"/en/products/rocher-piece","/en/products/rocher-piece","301"
"/products/small-twix-cake","/products/small-twix-cake","301"
"/en/products/small-twix-cake","/en/products/small-twix-cake","301"
"/products/mango-slice","/products/mango-slice","301"
"/en/products/mango-slice","/en/products/mango-slice","301"
"/products/maroon-glace-piecemaroon-glace-piece","/products/maroon-glace-piecemaroon-glace-piece","301"
"/en/products/maroon-glace-piecemaroon-glace-piece","/en/products/maroon-glace-piecemaroon-glace-piece","301"
"/products/roche-graduation-cake","/products/roche-graduation-cake","301"
"/en/products/roche-graduation-cake","/en/products/roche-graduation-cake","301"
"/products/caramel-peanut-bar","/products/caramel-peanut-bar","301"
"/en/products/caramel-peanut-bar","/en/products/caramel-peanut-bar","301"
"/products/large-umm-ali-pottery","/products/large-umm-ali-pottery","301"
"/en/products/large-umm-ali-pottery","/en/products/large-umm-ali-pottery","301"
"/products/piece-of-twix-cake","/products/piece-of-twix-cake","301"
"/en/products/piece-of-twix-cake","/en/products/piece-of-twix-cake","301"
"/products/small-umm-ali-pottery","/products/small-umm-ali-pottery","301"
"/en/products/small-umm-ali-pottery","/en/products/small-umm-ali-pottery","301"
"/products/box-of-english-date-cake-with-sauce","/products/box-of-english-date-cake-with-sauce","301"
"/en/products/box-of-english-date-cake-with-sauce","/en/products/box-of-english-date-cake-with-sauce","301"
"/products/vanilla-caramel-stick","/products/vanilla-caramel-stick","301"
"/en/products/vanilla-caramel-stick","/en/products/vanilla-caramel-stick","301"
"/products/large-mango-cheesecake","/products/large-mango-cheesecake","301"
"/en/products/large-mango-cheesecake","/en/products/large-mango-cheesecake","301"
"/products/small-mango-cheesecake","/products/small-mango-cheesecake","301"
"/en/products/small-mango-cheesecake","/en/products/small-mango-cheesecake","301"
"/products/large-blueberry-cheesecake","/products/large-blueberry-cheesecake","301"
"/en/products/large-blueberry-cheesecake","/en/products/large-blueberry-cheesecake","301"
"/products/small-blueberry-cheesecake","/products/small-blueberry-cheesecake","301"
"/en/products/small-blueberry-cheesecake","/en/products/small-blueberry-cheesecake","301"
"/products/large-red-berry-cheesecake","/products/large-red-berry-cheesecake","301"
"/en/products/large-red-berry-cheesecake","/en/products/large-red-berry-cheesecake","301"
"/products/small-red-berry-cheesecake","/products/small-red-berry-cheesecake","301"
"/en/products/small-red-berry-cheesecake","/en/products/small-red-berry-cheesecake","301"
"/products/large-pecan-caramel-cheesecake","/products/large-pecan-caramel-cheesecake","301"
"/en/products/large-pecan-caramel-cheesecake","/en/products/large-pecan-caramel-cheesecake","301"
"/products/red-velvet-piece","/products/red-velvet-piece","301"
"/en/products/red-velvet-piece","/en/products/red-velvet-piece","301"
"/products/black-forest-piece","/products/black-forest-piece","301"
"/en/products/black-forest-piece","/en/products/black-forest-piece","301"
"/products/small-pecan-caramel-cheesecake","/products/small-pecan-caramel-cheesecake","301"
"/en/products/small-pecan-caramel-cheesecake","/en/products/small-pecan-caramel-cheesecake","301"
"/products/mocha-cake-truffle","/products/mocha-cake-truffle","301"
"/en/products/mocha-cake-truffle","/en/products/mocha-cake-truffle","301"
"/products/apple-cream-tart","/products/apple-cream-tart","301"
"/en/products/apple-cream-tart","/en/products/apple-cream-tart","301"
"/products/red-velvet-crunch-slice","/products/red-velvet-crunch-slice","301"
"/en/products/red-velvet-crunch-slice","/en/products/red-velvet-crunch-slice","301"
"/products/mango-maamoul-box","/products/mango-maamoul-box","301"
"/en/products/mango-maamoul-box","/en/products/mango-maamoul-box","301"
"/products/basbousa-with-caramel-medium-plate","/products/basbousa-with-caramel-medium-plate","301"
"/en/products/basbousa-with-caramel-medium-plate","/en/products/basbousa-with-caramel-medium-plate","301"
"/products/pistachio-maamoul-box","/products/pistachio-maamoul-box","301"
"/en/products/pistachio-maamoul-box","/en/products/pistachio-maamoul-box","301"
"/products/round-nathriat-mix-box","/products/round-nathriat-mix-box","301"
"/en/products/round-nathriat-mix-box","/en/products/round-nathriat-mix-box","301"
"/products/large-mixed-baklava-box","/products/large-mixed-baklava-box","301"
"/en/products/large-mixed-baklava-box","/en/products/large-mixed-baklava-box","301"
"/products/basbousa-with-cream-medium-plate","/products/basbousa-with-cream-medium-plate","301"
"/en/products/basbousa-with-cream-medium-plate","/en/products/basbousa-with-cream-medium-plate","301"
"/products/box-of-date-maamoul-without-added-sugar","/products/box-of-date-maamoul-without-added-sugar","301"
"/en/products/box-of-date-maamoul-without-added-sugar","/en/products/box-of-date-maamoul-without-added-sugar","301"
"/products/large-pistachio-laf-maamoul","/products/large-pistachio-laf-maamoul","301"
"/en/products/large-pistachio-laf-maamoul","/en/products/large-pistachio-laf-maamoul","301"
"/products/barazek-box","/products/barazek-box","301"
"/en/products/barazek-box","/en/products/barazek-box","301"
"/products/granny-maamoul-1kg","/products/granny-maamoul-1kg","301"
"/en/products/granny-maamoul-1kg","/en/products/granny-maamoul-1kg","301"
"/products/maamoul-chocolate-box","/products/maamoul-chocolate-box","301"
"/en/products/maamoul-chocolate-box","/en/products/maamoul-chocolate-box","301"
"/products/baklawa-assorted-tin-mini","/products/baklawa-assorted-tin-mini","301"
"/en/products/baklawa-assorted-tin-mini","/en/products/baklawa-assorted-tin-mini","301"
"/products/luqaimat","/products/luqaimat","301"
"/en/products/luqaimat","/en/products/luqaimat","301"
"/products/makaron","/products/makaron","301"
"/en/products/makaron","/en/products/makaron","301"
"/products/baklawa-assorted","/products/baklawa-assorted","301"
"/en/products/baklawa-assorted","/en/products/baklawa-assorted","301"
"/products/special-round-mix-baklawa-box","/products/special-round-mix-baklawa-box","301"
"/en/products/special-round-mix-baklawa-box","/en/products/special-round-mix-baklawa-box","301"
"/products/baklawa-assorted-tin-small","/products/baklawa-assorted-tin-small","301"
"/en/products/baklawa-assorted-tin-small","/en/products/baklawa-assorted-tin-small","301"
"/products/maamoul-dates-wrapped-large","/products/maamoul-dates-wrapped-large","301"
"/en/products/maamoul-dates-wrapped-large","/en/products/maamoul-dates-wrapped-large","301"
"/products/small-mixed-baklava-half-a-kilo","/products/small-mixed-baklava-half-a-kilo","301"
"/en/products/small-mixed-baklava-half-a-kilo","/en/products/small-mixed-baklava-half-a-kilo","301"
"/products/balah-al-sham-half-kilo","/products/balah-al-sham-half-kilo","301"
"/en/products/balah-al-sham-half-kilo","/en/products/balah-al-sham-half-kilo","301"
"/products/small-mixed-maamoul-box","/products/small-mixed-maamoul-box","301"
"/en/products/small-mixed-maamoul-box","/en/products/small-mixed-maamoul-box","301"
"/products/gorayba-flavours","/products/gorayba-flavours","301"
"/en/products/gorayba-flavours","/en/products/gorayba-flavours","301"
"/products/balah-al-sham","/products/balah-al-sham","301"
"/en/products/balah-al-sham","/en/products/balah-al-sham","301"
"/products/small-wrapped-maamoul-1-kg","/products/small-wrapped-maamoul-1-kg","301"
"/en/products/small-wrapped-maamoul-1-kg","/en/products/small-wrapped-maamoul-1-kg","301"
"/products/asaba-baklava-box","/products/asaba-baklava-box","301"
"/en/products/asaba-baklava-box","/en/products/asaba-baklava-box","301"
"/products/round-mixed-maamoul-box","/products/round-mixed-maamoul-box","301"
"/en/products/round-mixed-maamoul-box","/en/products/round-mixed-maamoul-box","301"
"/products/snack-with-a-straw-medium-plate","/products/snack-with-a-straw-medium-plate","301"
"/en/products/snack-with-a-straw-medium-plate","/en/products/snack-with-a-straw-medium-plate","301"
"/products/baraziq-chocolate-with-caramel-box","/products/baraziq-chocolate-with-caramel-box","301"
"/en/products/baraziq-chocolate-with-caramel-box","/en/products/baraziq-chocolate-with-caramel-box","301"
"/products/small-mixed-baklava-box","/products/small-mixed-baklava-box","301"
"/en/products/small-mixed-baklava-box","/en/products/small-mixed-baklava-box","301"
"/products/large-walnut-laf-maamoul","/products/large-walnut-laf-maamoul","301"
"/en/products/large-walnut-laf-maamoul","/en/products/large-walnut-laf-maamoul","301"
"/products/round-ghraiba-box","/products/round-ghraiba-box","301"
"/en/products/round-ghraiba-box","/en/products/round-ghraiba-box","301"
"/products/makaron-half-kilo","/products/makaron-half-kilo","301"
"/en/products/makaron-half-kilo","/en/products/makaron-half-kilo","301"
"/products/medium-mixed-baklava-plate-without-pistachios","/products/medium-mixed-baklava-plate-without-pistachios","301"
"/en/products/medium-mixed-baklava-plate-without-pistachios","/en/products/medium-mixed-baklava-plate-without-pistachios","301"
"/products/small-mixed-baklava-plate-without-pistachios","/products/small-mixed-baklava-plate-without-pistachios","301"
"/en/products/small-mixed-baklava-plate-without-pistachios","/en/products/small-mixed-baklava-plate-without-pistachios","301"
"/products/half-kg-burma-pistachio-plate","/products/half-kg-burma-pistachio-plate","301"
"/en/products/half-kg-burma-pistachio-plate","/en/products/half-kg-burma-pistachio-plate","301"
"/products/large-mixed-namoura-box","/products/large-mixed-namoura-box","301"
"/en/products/large-mixed-namoura-box","/en/products/large-mixed-namoura-box","301"
"/products/small-mixed-namoura-box","/products/small-mixed-namoura-box","301"
"/en/products/small-mixed-namoura-box","/en/products/small-mixed-namoura-box","301"
"/products/small-lotus-oreo-fingers-box","/products/small-lotus-oreo-fingers-box","301"
"/en/products/small-lotus-oreo-fingers-box","/en/products/small-lotus-oreo-fingers-box","301"
"/products/small-mixed-fingers-box","/products/small-mixed-fingers-box","301"
"/en/products/small-mixed-fingers-box","/en/products/small-mixed-fingers-box","301"
"/products/small-arabic-nuts-box","/products/small-arabic-nuts-box","301"
"/en/products/small-arabic-nuts-box","/en/products/small-arabic-nuts-box","301"
"/products/special-baklava-box","/products/special-baklava-box","301"
"/en/products/special-baklava-box","/en/products/special-baklava-box","301"
"/products/small-cashew-fingers-box","/products/small-cashew-fingers-box","301"
"/en/products/small-cashew-fingers-box","/en/products/small-cashew-fingers-box","301"
"/products/large-arabic-nuts-box","/products/large-arabic-nuts-box","301"
"/en/products/large-arabic-nuts-box","/en/products/large-arabic-nuts-box","301"
"/products/ghoriba-box","/products/ghoriba-box","301"
"/en/products/ghoriba-box","/en/products/ghoriba-box","301"
"/products/large-mixed-maamoul-box","/products/large-mixed-maamoul-box","301"
"/en/products/large-mixed-maamoul-box","/en/products/large-mixed-maamoul-box","301"
"/products/walnut-maamoul-box","/products/walnut-maamoul-box","301"
"/en/products/walnut-maamoul-box","/en/products/walnut-maamoul-box","301"
"/products/medium-plate-of-egyptian-harissa","/products/medium-plate-of-egyptian-harissa","301"
"/en/products/medium-plate-of-egyptian-harissa","/en/products/medium-plate-of-egyptian-harissa","301"
"/products/luxurious-mixed-baklava-box","/products/luxurious-mixed-baklava-box","301"
"/en/products/luxurious-mixed-baklava-box","/en/products/luxurious-mixed-baklava-box","301"
"/products/dates-maamoul-box","/products/dates-maamoul-box","301"
"/en/products/dates-maamoul-box","/en/products/dates-maamoul-box","301"
"/products/cream-konafa-fingers","/products/cream-konafa-fingers","301"
"/en/products/cream-konafa-fingers","/en/products/cream-konafa-fingers","301"
"/products/baklawa-assorted-tin-medium","/products/baklawa-assorted-tin-medium","301"
"/en/products/baklawa-assorted-tin-medium","/en/products/baklawa-assorted-tin-medium","301"
"/products/chocolate-baklava-fingers","/products/chocolate-baklava-fingers","301"
"/en/products/chocolate-baklava-fingers","/en/products/chocolate-baklava-fingers","301"
"/products/maamoul-millet-cocoa-and-wheat","/products/maamoul-millet-cocoa-and-wheat","301"
"/en/products/maamoul-millet-cocoa-and-wheat","/en/products/maamoul-millet-cocoa-and-wheat","301"
"/products/luqaimat-half-kilo","/products/luqaimat-half-kilo","301"
"/en/products/luqaimat-half-kilo","/en/products/luqaimat-half-kilo","301"
"/products/mango-bar","/products/mango-bar","301"
"/en/products/mango-bar","/en/products/mango-bar","301"
"/products/medium-corn-flakes-chocolate-box","/products/medium-corn-flakes-chocolate-box","301"
"/en/products/medium-corn-flakes-chocolate-box","/en/products/medium-corn-flakes-chocolate-box","301"
"/products/kunafa-pistachio-bar","/products/kunafa-pistachio-bar","301"
"/en/products/kunafa-pistachio-bar","/en/products/kunafa-pistachio-bar","301"
"/products/strawberry-bar","/products/strawberry-bar","301"
"/en/products/strawberry-bar","/en/products/strawberry-bar","301"
"/products/dragea-arabica","/products/dragea-arabica","301"
"/en/products/dragea-arabica","/en/products/dragea-arabica","301"
"/products/various-pheasants","/products/various-pheasants","301"
"/en/products/various-pheasants","/en/products/various-pheasants","301"
"/products/truffle-chocolate-boxes","/products/truffle-chocolate-boxes","301"
"/en/products/truffle-chocolate-boxes","/en/products/truffle-chocolate-boxes","301"
"/products/saad-el-din-chocolate-wrapped","/products/saad-el-din-chocolate-wrapped","301"
"/en/products/saad-el-din-chocolate-wrapped","/en/products/saad-el-din-chocolate-wrapped","301"
"/products/mixed-rocher-chocolate-wrapped","/products/mixed-rocher-chocolate-wrapped","301"
"/en/products/mixed-rocher-chocolate-wrapped","/en/products/mixed-rocher-chocolate-wrapped","301"
"/products/senses-chocolate-box","/products/senses-chocolate-box","301"
"/en/products/senses-chocolate-box","/en/products/senses-chocolate-box","301"
"/products/coconut-bar","/products/coconut-bar","301"
"/en/products/coconut-bar","/en/products/coconut-bar","301"
"/products/girls-newborn-chocolate-box","/products/girls-newborn-chocolate-box","301"
"/en/products/girls-newborn-chocolate-box","/en/products/girls-newborn-chocolate-box","301"
"/products/hazelnut-dragee","/products/hazelnut-dragee","301"
"/en/products/hazelnut-dragee","/en/products/hazelnut-dragee","301"
"/products/ghand-chocolate-box","/products/ghand-chocolate-box","301"
"/en/products/ghand-chocolate-box","/en/products/ghand-chocolate-box","301"
"/products/boys-newborn-chocolate-box","/products/boys-newborn-chocolate-box","301"
"/en/products/boys-newborn-chocolate-box","/en/products/boys-newborn-chocolate-box","301"
"/products/white-rocky-road-box-1-2kg","/products/white-rocky-road-box-1-2kg","301"
"/en/products/white-rocky-road-box-1-2kg","/en/products/white-rocky-road-box-1-2kg","301"
"/products/corn-flakes-chocolate","/products/corn-flakes-chocolate","301"
"/en/products/corn-flakes-chocolate","/en/products/corn-flakes-chocolate","301"
"/products/melong-chocolate-box","/products/melong-chocolate-box","301"
"/en/products/melong-chocolate-box","/en/products/melong-chocolate-box","301"
"/products/secrets-chocolate-box","/products/secrets-chocolate-box","301"
"/en/products/secrets-chocolate-box","/en/products/secrets-chocolate-box","301"
"/products/velor-chocolate-270-grams","/products/velor-chocolate-270-grams","301"
"/en/products/velor-chocolate-270-grams","/en/products/velor-chocolate-270-grams","301"
"/products/mixed-rocher-cartoon-box","/products/mixed-rocher-cartoon-box","301"
"/en/products/mixed-rocher-cartoon-box","/en/products/mixed-rocher-cartoon-box","301"
"/products/large-corn-flakes","/products/large-corn-flakes","301"
"/en/products/large-corn-flakes","/en/products/large-corn-flakes","301"
"/products/milky-rocky-road-box-1-2kg","/products/milky-rocky-road-box-1-2kg","301"
"/en/products/milky-rocky-road-box-1-2kg","/en/products/milky-rocky-road-box-1-2kg","301"
"/products/lilac-chocolate-box","/products/lilac-chocolate-box","301"
"/en/products/lilac-chocolate-box","/en/products/lilac-chocolate-box","301"
"/products/orchida-chocolate-box","/products/orchida-chocolate-box","301"
"/en/products/orchida-chocolate-box","/en/products/orchida-chocolate-box","301"
"/products/sparkles-chocolate-box","/products/sparkles-chocolate-box","301"
"/en/products/sparkles-chocolate-box","/en/products/sparkles-chocolate-box","301"
"/products/express-chocolate-box","/products/express-chocolate-box","301"
"/en/products/express-chocolate-box","/en/products/express-chocolate-box","301"
"/products/black-rocky-road-box-1-2kg","/products/black-rocky-road-box-1-2kg","301"
"/en/products/black-rocky-road-box-1-2kg","/en/products/black-rocky-road-box-1-2kg","301"
"/products/crunchy-bar","/products/crunchy-bar","301"
"/en/products/crunchy-bar","/en/products/crunchy-bar","301"
"/products/dragee-choco-box-large","/products/dragee-choco-box-large","301"
"/en/products/dragee-choco-box-large","/en/products/dragee-choco-box-large","301"
"/products/dragee-choco-box-small","/products/dragee-choco-box-small","301"
"/en/products/dragee-choco-box-small","/en/products/dragee-choco-box-small","301"
"/products/metal-rocher-chocolate-box","/products/metal-rocher-chocolate-box","301"
"/en/products/metal-rocher-chocolate-box","/en/products/metal-rocher-chocolate-box","301"
"/products/dragee-popcorn","/products/dragee-popcorn","301"
"/en/products/dragee-popcorn","/en/products/dragee-popcorn","301"
"/products/almond-dragee","/products/almond-dragee","301"
"/en/products/almond-dragee","/en/products/almond-dragee","301"
"/products/aish-al-bulbul-blueberries-1kg","/products/aish-al-bulbul-blueberries-1kg","301"
"/en/products/aish-al-bulbul-blueberries-1kg","/en/products/aish-al-bulbul-blueberries-1kg","301"
"/products/aish-al-bulbul-blueberries-1-2-kg","/products/aish-al-bulbul-blueberries-1-2-kg","301"
"/en/products/aish-al-bulbul-blueberries-1-2-kg","/en/products/aish-al-bulbul-blueberries-1-2-kg","301"
"/products/cheese-halwa-with-cream-1-2-kg","/products/cheese-halwa-with-cream-1-2-kg","301"
"/en/products/cheese-halwa-with-cream-1-2-kg","/en/products/cheese-halwa-with-cream-1-2-kg","301"
"/products/small-box-of-halawat-al-jibn","/products/small-box-of-halawat-al-jibn","301"
"/en/products/small-box-of-halawat-al-jibn","/en/products/small-box-of-halawat-al-jibn","301"
"/products/large-box-of-mixed-qashtiyat","/products/large-box-of-mixed-qashtiyat","301"
"/en/products/large-box-of-mixed-qashtiyat","/en/products/large-box-of-mixed-qashtiyat","301"
"/products/znoud-al-sitt-1-2-kg","/products/znoud-al-sitt-1-2-kg","301"
"/en/products/znoud-al-sitt-1-2-kg","/en/products/znoud-al-sitt-1-2-kg","301"
"/products/shaebiaat-1-2k","/products/shaebiaat-1-2k","301"
"/en/products/shaebiaat-1-2k","/en/products/shaebiaat-1-2k","301"
"/products/large-box-of-ward-al-sham","/products/large-box-of-ward-al-sham","301"
"/en/products/large-box-of-ward-al-sham","/en/products/large-box-of-ward-al-sham","301"
"/products/shaebiaat-1-kg","/products/shaebiaat-1-kg","301"
"/en/products/shaebiaat-1-kg","/en/products/shaebiaat-1-kg","301"
"/products/cheese-halwa-with-cream-1-kg","/products/cheese-halwa-with-cream-1-kg","301"
"/en/products/cheese-halwa-with-cream-1-kg","/en/products/cheese-halwa-with-cream-1-kg","301"
"/products/wardat-al-sham-1-kg","/products/wardat-al-sham-1-kg","301"
"/en/products/wardat-al-sham-1-kg","/en/products/wardat-al-sham-1-kg","301"
"/products/small-box-of-ward-al-sham","/products/small-box-of-ward-al-sham","301"
"/en/products/small-box-of-ward-al-sham","/en/products/small-box-of-ward-al-sham","301"
"/products/small-box-of-balah-el-sham","/products/small-box-of-balah-el-sham","301"
"/en/products/small-box-of-balah-el-sham","/en/products/small-box-of-balah-el-sham","301"
"/products/wardat-al-sham-1-2-kg","/products/wardat-al-sham-1-2-kg","301"
"/en/products/wardat-al-sham-1-2-kg","/en/products/wardat-al-sham-1-2-kg","301"
"/products/madluqat-with-cream-and-nuts-1-2-kg","/products/madluqat-with-cream-and-nuts-1-2-kg","301"
"/en/products/madluqat-with-cream-and-nuts-1-2-kg","/en/products/madluqat-with-cream-and-nuts-1-2-kg","301"
"/products/znoud-al-sitt-1-kg","/products/znoud-al-sitt-1-kg","301"
"/en/products/znoud-al-sitt-1-kg","/en/products/znoud-al-sitt-1-kg","301"
"/products/basbousa-with-cream-1kg","/products/basbousa-with-cream-1kg","301"
"/en/products/basbousa-with-cream-1kg","/en/products/basbousa-with-cream-1kg","301"
"/products/basbousa-with-cream-1-2-kg","/products/basbousa-with-cream-1-2-kg","301"
"/en/products/basbousa-with-cream-1-2-kg","/en/products/basbousa-with-cream-1-2-kg","301"
"/products/large-box-of-znoud-shaabiyat","/products/large-box-of-znoud-shaabiyat","301"
"/en/products/large-box-of-znoud-shaabiyat","/en/products/large-box-of-znoud-shaabiyat","301"
"/products/madluqat-with-cream-and-nuts-1kg","/products/madluqat-with-cream-and-nuts-1kg","301"
"/en/products/madluqat-with-cream-and-nuts-1kg","/en/products/madluqat-with-cream-and-nuts-1kg","301"
"/products/small-box-of-awameh","/products/small-box-of-awameh","301"
"/en/products/small-box-of-awameh","/en/products/small-box-of-awameh","301"
"/products/mafruka-with-cream-and-nuts-1-kg","/products/mafruka-with-cream-and-nuts-1-kg","301"
"/en/products/mafruka-with-cream-and-nuts-1-kg","/en/products/mafruka-with-cream-and-nuts-1-kg","301"
"/products/small-box-of-znoud-shaabiyat","/products/small-box-of-znoud-shaabiyat","301"
"/en/products/small-box-of-znoud-shaabiyat","/en/products/small-box-of-znoud-shaabiyat","301"
"/products/large-box-of-mixed-osh-el-bulbul","/products/large-box-of-mixed-osh-el-bulbul","301"
"/en/products/large-box-of-mixed-osh-el-bulbul","/en/products/large-box-of-mixed-osh-el-bulbul","301"
"/products/large-box-of-halawat-al-jibn","/products/large-box-of-halawat-al-jibn","301"
"/en/products/large-box-of-halawat-al-jibn","/en/products/large-box-of-halawat-al-jibn","301"
"/products/mafruka-with-cream-and-nuts-1-2-kg","/products/mafruka-with-cream-and-nuts-1-2-kg","301"
"/en/products/mafruka-with-cream-and-nuts-1-2-kg","/en/products/mafruka-with-cream-and-nuts-1-2-kg","301"
"/products/aish-al-bulbul-red-berries-1kg","/products/aish-al-bulbul-red-berries-1kg","301"
"/en/products/aish-al-bulbul-red-berries-1kg","/en/products/aish-al-bulbul-red-berries-1kg","301"
"/products/aish-al-bulbul-red-berries-1-2-kg","/products/aish-al-bulbul-red-berries-1-2-kg","301"
"/en/products/aish-al-bulbul-red-berries-1-2-kg","/en/products/aish-al-bulbul-red-berries-1-2-kg","301"
"/products/kunafa-nabulseya-fine-1-2-kg","/products/kunafa-nabulseya-fine-1-2-kg","301"
"/en/products/kunafa-nabulseya-fine-1-2-kg","/en/products/kunafa-nabulseya-fine-1-2-kg","301"
"/products/kunafa-nabulseya-fine-1kg","/products/kunafa-nabulseya-fine-1kg","301"
"/en/products/kunafa-nabulseya-fine-1kg","/en/products/kunafa-nabulseya-fine-1kg","301"
"/products/kunafa-nabulseya-harsh-1kg","/products/kunafa-nabulseya-harsh-1kg","301"
"/en/products/kunafa-nabulseya-harsh-1kg","/en/products/kunafa-nabulseya-harsh-1kg","301"
"/products/kunafa-nabulseya-harsh-1-2-kg","/products/kunafa-nabulseya-harsh-1-2-kg","301"
"/en/products/kunafa-nabulseya-harsh-1-2-kg","/en/products/kunafa-nabulseya-harsh-1-2-kg","301"
"/products/cream-kunafa-soft-1-2-kg","/products/cream-kunafa-soft-1-2-kg","301"
"/en/products/cream-kunafa-soft-1-2-kg","/en/products/cream-kunafa-soft-1-2-kg","301"
"/products/cream-kunafa-fine-1-kg","/products/cream-kunafa-fine-1-kg","301"
"/en/products/cream-kunafa-fine-1-kg","/en/products/cream-kunafa-fine-1-kg","301"
"/products/creamy-osmalieh-konafa-1-2-kg","/products/creamy-osmalieh-konafa-1-2-kg","301"
"/en/products/creamy-osmalieh-konafa-1-2-kg","/en/products/creamy-osmalieh-konafa-1-2-kg","301"
"/products/creamy-osmalieh-konafa-1-kg","/products/creamy-osmalieh-konafa-1-kg","301"
"/en/products/creamy-osmalieh-konafa-1-kg","/en/products/creamy-osmalieh-konafa-1-kg","301"
"/products/kunafa-cream-harsh-1-2-kg","/products/kunafa-cream-harsh-1-2-kg","301"
"/en/products/kunafa-cream-harsh-1-2-kg","/en/products/kunafa-cream-harsh-1-2-kg","301"
"/products/kunafa-cream-harsh-1-kg","/products/kunafa-cream-harsh-1-kg","301"
"/en/products/kunafa-cream-harsh-1-kg","/en/products/kunafa-cream-harsh-1-kg","301"
"/products/soft-nabulsi-kunafa-cake","/products/soft-nabulsi-kunafa-cake","301"
"/en/products/soft-nabulsi-kunafa-cake","/en/products/soft-nabulsi-kunafa-cake","301"
"/products/soft-creamy-konafa-cake","/products/soft-creamy-konafa-cake","301"
"/en/products/soft-creamy-konafa-cake","/en/products/soft-creamy-konafa-cake","301"
"/products/lebanese-akkawi-cheese-kunafa-cake","/products/lebanese-akkawi-cheese-kunafa-cake","301"
"/en/products/lebanese-akkawi-cheese-kunafa-cake","/en/products/lebanese-akkawi-cheese-kunafa-cake","301"
"/products/cheese-kunafa-with-blueberry-1-2-kg","/products/cheese-kunafa-with-blueberry-1-2-kg","301"
"/en/products/cheese-kunafa-with-blueberry-1-2-kg","/en/products/cheese-kunafa-with-blueberry-1-2-kg","301"
"/products/cheese-kunafa-with-blueberry-1-kg","/products/cheese-kunafa-with-blueberry-1-kg","301"
"/en/products/cheese-kunafa-with-blueberry-1-kg","/en/products/cheese-kunafa-with-blueberry-1-kg","301"
"/products/cheese-kunafa-with-red-berries-1-2-kg","/products/cheese-kunafa-with-red-berries-1-2-kg","301"
"/en/products/cheese-kunafa-with-red-berries-1-2-kg","/en/products/cheese-kunafa-with-red-berries-1-2-kg","301"
"/products/cheese-kunafa-with-red-berries-1-kg","/products/cheese-kunafa-with-red-berries-1-kg","301"
"/en/products/cheese-kunafa-with-red-berries-1-kg","/en/products/cheese-kunafa-with-red-berries-1-kg","301"
"/products/special-mini-sandwich-square-plate","/products/special-mini-sandwich-square-plate","301"
"/en/products/special-mini-sandwich-square-plate","/en/products/special-mini-sandwich-square-plate","301"
"/products/mini-special-sandwiches-box-small-d","/products/mini-special-sandwiches-box-small-d","301"
"/en/products/mini-special-sandwiches-box-small-d","/en/products/mini-special-sandwiches-box-small-d","301"
"/products/a-box-of-salty-pan-croissants-with-mixed-cheese","/products/a-box-of-salty-pan-croissants-with-mixed-cheese","301"
"/en/products/a-box-of-salty-pan-croissants-with-mixed-cheese","/en/products/a-box-of-salty-pan-croissants-with-mixed-cheese","301"
"/products/small-original-grape-leaves-box","/products/small-original-grape-leaves-box","301"
"/en/products/small-original-grape-leaves-box","/en/products/small-original-grape-leaves-box","301"
"/products/friday-box-pastries-large-new","/products/friday-box-pastries-large-new","301"
"/en/products/friday-box-pastries-large-new","/en/products/friday-box-pastries-large-new","301"
"/products/friday-box-pastries-large-d-new","/products/friday-box-pastries-large-d-new","301"
"/en/products/friday-box-pastries-large-d-new","/en/products/friday-box-pastries-large-d-new","301"
"/products/family-box-mini-sandwich-large-new","/products/family-box-mini-sandwich-large-new","301"
"/en/products/family-box-mini-sandwich-large-new","/en/products/family-box-mini-sandwich-large-new","301"
"/products/al-naqnaqa-box","/products/al-naqnaqa-box","301"
"/en/products/al-naqnaqa-box","/en/products/al-naqnaqa-box","301"
"/products/empanadas-box-5-pcs","/products/empanadas-box-5-pcs","301"
"/en/products/empanadas-box-5-pcs","/en/products/empanadas-box-5-pcs","301"
"/products/small-special-mini-sandwich-box","/products/small-special-mini-sandwich-box","301"
"/en/products/small-special-mini-sandwich-box","/en/products/small-special-mini-sandwich-box","301"
"/products/special-round-mini-sandwich-plate","/products/special-round-mini-sandwich-plate","301"
"/en/products/special-round-mini-sandwich-plate","/en/products/special-round-mini-sandwich-plate","301"
"/products/family-box-mini-sandwich-large-d-new","/products/family-box-mini-sandwich-large-d-new","301"
"/en/products/family-box-mini-sandwich-large-d-new","/en/products/family-box-mini-sandwich-large-d-new","301"
"/products/small-assorted-pastry-box-d","/products/small-assorted-pastry-box-d","301"
"/en/products/small-assorted-pastry-box-d","/en/products/small-assorted-pastry-box-d","301"
"/products/small-mini-sandwich-box","/products/small-mini-sandwich-box","301"
"/en/products/small-mini-sandwich-box","/en/products/small-mini-sandwich-box","301"
"/products/large-original-grape-leaves-box","/products/large-original-grape-leaves-box","301"
"/en/products/large-original-grape-leaves-box","/en/products/large-original-grape-leaves-box","301"
"/products/al-wanasa-premium-sandwich-box","/products/al-wanasa-premium-sandwich-box","301"
"/en/products/al-wanasa-premium-sandwich-box","/en/products/al-wanasa-premium-sandwich-box","301"
"/products/large-assorted-petit-four-box","/products/large-assorted-petit-four-box","301"
"/en/products/large-assorted-petit-four-box","/en/products/large-assorted-petit-four-box","301"
"/products/box-of-bon-bon-coffee","/products/box-of-bon-bon-coffee","301"
"/en/products/box-of-bon-bon-coffee","/en/products/box-of-bon-bon-coffee","301"
"/products/medium-chocolate-flower-sable-box-vip","/products/medium-chocolate-flower-sable-box-vip","301"
"/en/products/medium-chocolate-flower-sable-box-vip","/en/products/medium-chocolate-flower-sable-box-vip","301"
"/products/box-of-khalas-dates-stuffed-with-almonds-250-grams","/products/box-of-khalas-dates-stuffed-with-almonds-250-grams","301"
"/en/products/box-of-khalas-dates-stuffed-with-almonds-250-grams","/en/products/box-of-khalas-dates-stuffed-with-almonds-250-grams","301"
"/products/box-of-khalas-dates-stuffed-with-almonds-3-kg","/products/box-of-khalas-dates-stuffed-with-almonds-3-kg","301"
"/en/products/box-of-khalas-dates-stuffed-with-almonds-3-kg","/en/products/box-of-khalas-dates-stuffed-with-almonds-3-kg","301"
"/products/large-luxury-mixed-citrus-box","/products/large-luxury-mixed-citrus-box","301"
"/en/products/large-luxury-mixed-citrus-box","/en/products/large-luxury-mixed-citrus-box","301"
"/products/best-gathering-box","/products/best-gathering-box","301"
"/en/products/best-gathering-box","/en/products/best-gathering-box","301"
"/products/round-box-of-dates-with-nuts-and-sauce","/products/round-box-of-dates-with-nuts-and-sauce","301"
"/en/products/round-box-of-dates-with-nuts-and-sauce","/en/products/round-box-of-dates-with-nuts-and-sauce","301"
"/products/large-chocolate-dipped-sable-box-vip","/products/large-chocolate-dipped-sable-box-vip","301"
"/en/products/large-chocolate-dipped-sable-box-vip","/en/products/large-chocolate-dipped-sable-box-vip","301"
"/products/medium-chocolate-dipped-sable-box-vip","/products/medium-chocolate-dipped-sable-box-vip","301"
"/en/products/medium-chocolate-dipped-sable-box-vip","/en/products/medium-chocolate-dipped-sable-box-vip","301"
"/products/a-large-luxury-coffee-sweet-box","/products/a-large-luxury-coffee-sweet-box","301"
"/en/products/a-large-luxury-coffee-sweet-box","/en/products/a-large-luxury-coffee-sweet-box","301"
"/products/round-egyptian-petitfour-box","/products/round-egyptian-petitfour-box","301"
"/en/products/round-egyptian-petitfour-box","/en/products/round-egyptian-petitfour-box","301"
"/products/small-luxury-tamriya-box","/products/small-luxury-tamriya-box","301"
"/en/products/small-luxury-tamriya-box","/en/products/small-luxury-tamriya-box","301"
"/products/large-chocolate-flower-sable-box-vip","/products/large-chocolate-flower-sable-box-vip","301"
"/en/products/large-chocolate-flower-sable-box-vip","/en/products/large-chocolate-flower-sable-box-vip","301"
"/products/luxury-saqi-dates-stuffed-with-nuts","/products/luxury-saqi-dates-stuffed-with-nuts","301"
"/en/products/luxury-saqi-dates-stuffed-with-nuts","/en/products/luxury-saqi-dates-stuffed-with-nuts","301"
"/products/large-luxury-tamriya-box","/products/large-luxury-tamriya-box","301"
"/en/products/large-luxury-tamriya-box","/en/products/large-luxury-tamriya-box","301"
"/products/medium-assorted-coffee-dessert-box","/products/medium-assorted-coffee-dessert-box","301"
"/en/products/medium-assorted-coffee-dessert-box","/en/products/medium-assorted-coffee-dessert-box","301"
"/products/medium-coffee-sweet-box","/products/medium-coffee-sweet-box","301"
"/en/products/medium-coffee-sweet-box","/en/products/medium-coffee-sweet-box","301"
"/products/large-coffee-sweets-box","/products/large-coffee-sweets-box","301"
"/en/products/large-coffee-sweets-box","/en/products/large-coffee-sweets-box","301"
"/products/box-of-dates-dipped-in-chocolate-stuffed-with-luxury","/products/box-of-dates-dipped-in-chocolate-stuffed-with-luxury","301"
"/en/products/box-of-dates-dipped-in-chocolate-stuffed-with-luxury","/en/products/box-of-dates-dipped-in-chocolate-stuffed-with-luxury","301"
"/products/small-luxury-mixed-citrus-box","/products/small-luxury-mixed-citrus-box","301"
"/en/products/small-luxury-mixed-citrus-box","/en/products/small-luxury-mixed-citrus-box","301"
"/products/choco-sticks-box","/products/choco-sticks-box","301"
"/en/products/choco-sticks-box","/en/products/choco-sticks-box","301"
"/products/salty-sweet-delicious-box","/products/salty-sweet-delicious-box","301"
"/en/products/salty-sweet-delicious-box","/en/products/salty-sweet-delicious-box","301"
"/products/salty-pita-four-box-with-parmesan-cheese","/products/salty-pita-four-box-with-parmesan-cheese","301"
"/en/products/salty-pita-four-box-with-parmesan-cheese","/en/products/salty-pita-four-box-with-parmesan-cheese","301"
"/products/mix-trail","/products/mix-trail","301"
"/en/products/mix-trail","/en/products/mix-trail","301"
"/products/big-mixed-caramelized-nuts","/products/big-mixed-caramelized-nuts","301"
"/en/products/big-mixed-caramelized-nuts","/en/products/big-mixed-caramelized-nuts","301"
"/products/small-mixed-caramelized-nuts","/products/small-mixed-caramelized-nuts","301"
"/en/products/small-mixed-caramelized-nuts","/en/products/small-mixed-caramelized-nuts","301"
"/products/lemon-almonds","/products/lemon-almonds","301"
"/en/products/lemon-almonds","/en/products/lemon-almonds","301"
"/products/roasted-mixed-nuts-bag-500g","/products/roasted-mixed-nuts-bag-500g","301"
"/en/products/roasted-mixed-nuts-bag-500g","/en/products/roasted-mixed-nuts-bag-500g","301"
"/products/roasted-mixed-nuts-bag-250g","/products/roasted-mixed-nuts-bag-250g","301"
"/en/products/roasted-mixed-nuts-bag-250g","/en/products/roasted-mixed-nuts-bag-250g","301"
"/products/super-extra-nuts-bag-500g","/products/super-extra-nuts-bag-500g","301"
"/en/products/super-extra-nuts-bag-500g","/en/products/super-extra-nuts-bag-500g","301"
"/products/super-extra-nuts-bag-250g","/products/super-extra-nuts-bag-250g","301"
"/en/products/super-extra-nuts-bag-250g","/en/products/super-extra-nuts-bag-250g","301"
"/products/deluxe-mixed-nuts-bag-500g","/products/deluxe-mixed-nuts-bag-500g","301"
"/en/products/deluxe-mixed-nuts-bag-500g","/en/products/deluxe-mixed-nuts-bag-500g","301"
"/products/deluxe-mixed-nuts-bag-250g","/products/deluxe-mixed-nuts-bag-250g","301"
"/en/products/deluxe-mixed-nuts-bag-250g","/en/products/deluxe-mixed-nuts-bag-250g","301"
"/products/caramel-flavor-coffee-bag","/products/caramel-flavor-coffee-bag","301"
"/en/products/caramel-flavor-coffee-bag","/en/products/caramel-flavor-coffee-bag","301"
"/products/french-coffee-bag","/products/french-coffee-bag","301"
"/en/products/french-coffee-bag","/en/products/french-coffee-bag","301"
"/products/turkish-coffee-bag-with-cardamom","/products/turkish-coffee-bag-with-cardamom","301"
"/en/products/turkish-coffee-bag-with-cardamom","/en/products/turkish-coffee-bag-with-cardamom","301"
"/products/turkish-coffee-bag","/products/turkish-coffee-bag","301"
"/en/products/turkish-coffee-bag","/en/products/turkish-coffee-bag","301"
"/products/fried-cashews","/products/fried-cashews","301"
"/en/products/fried-cashews","/en/products/fried-cashews","301"
"/products/salted-pistachios","/products/salted-pistachios","301"
"/en/products/salted-pistachios","/en/products/salted-pistachios","301"
"/products/box-of-round-mixed-nuts","/products/box-of-round-mixed-nuts","301"
"/en/products/box-of-round-mixed-nuts","/en/products/box-of-round-mixed-nuts","301"
"/products/mixed-smoked-nuts-bag-large","/products/mixed-smoked-nuts-bag-large","301"
"/en/products/mixed-smoked-nuts-bag-large","/en/products/mixed-smoked-nuts-bag-large","301"
"/products/regular-mixed-nuts-medium","/products/regular-mixed-nuts-medium","301"
"/en/products/regular-mixed-nuts-medium","/en/products/regular-mixed-nuts-medium","301"
"/products/regular-mixed-nuts-small","/products/regular-mixed-nuts-small","301"
"/en/products/regular-mixed-nuts-small","/en/products/regular-mixed-nuts-small","301"
"/products/premium-extra-mixed-nuts-medium","/products/premium-extra-mixed-nuts-medium","301"
"/en/products/premium-extra-mixed-nuts-medium","/en/products/premium-extra-mixed-nuts-medium","301"
"/products/premium-extra-mixed-nuts-small","/products/premium-extra-mixed-nuts-small","301"
"/en/products/premium-extra-mixed-nuts-small","/en/products/premium-extra-mixed-nuts-small","301"
"/products/deluxe-smoked-mixed-nuts-medium","/products/deluxe-smoked-mixed-nuts-medium","301"
"/en/products/deluxe-smoked-mixed-nuts-medium","/en/products/deluxe-smoked-mixed-nuts-medium","301"
"/products/deluxe-smoked-mixed-nuts-small","/products/deluxe-smoked-mixed-nuts-small","301"
"/en/products/deluxe-smoked-mixed-nuts-small","/en/products/deluxe-smoked-mixed-nuts-small","301"
"/products/hazelnut-french-coffee-box","/products/hazelnut-french-coffee-box","301"
"/en/products/hazelnut-french-coffee-box","/en/products/hazelnut-french-coffee-box","301"
"/products/harari-arabic-coffee-beans-box-250-g","/products/harari-arabic-coffee-beans-box-250-g","301"
"/en/products/harari-arabic-coffee-beans-box-250-g","/en/products/harari-arabic-coffee-beans-box-250-g","301"
"/products/kholani-arabic-coffee-box-250-g","/products/kholani-arabic-coffee-box-250-g","301"
"/en/products/kholani-arabic-coffee-box-250-g","/en/products/kholani-arabic-coffee-box-250-g","301"
"/products/coffee-with-mastic-flavor-box-250g","/products/coffee-with-mastic-flavor-box-250g","301"
"/en/products/coffee-with-mastic-flavor-box-250g","/en/products/coffee-with-mastic-flavor-box-250g","301"
"/products/moroccan-green","/products/moroccan-green","301"
"/en/products/moroccan-green","/en/products/moroccan-green","301"
"/products/cardamom-tea","/products/cardamom-tea","301"
"/en/products/cardamom-tea","/en/products/cardamom-tea","301"
"/products/earl-grey","/products/earl-grey","301"
"/en/products/earl-grey","/en/products/earl-grey","301"
"/products/mixed-snack-box","/products/mixed-snack-box","301"
"/en/products/mixed-snack-box","/en/products/mixed-snack-box","301"
"/products/mixed-salted-nuts-can-large","/products/mixed-salted-nuts-can-large","301"
"/en/products/mixed-salted-nuts-can-large","/en/products/mixed-salted-nuts-can-large","301"
"/products/mixed-pizza-nuts-bag-medium","/products/mixed-pizza-nuts-bag-medium","301"
"/en/products/mixed-pizza-nuts-bag-medium","/en/products/mixed-pizza-nuts-bag-medium","301"
"/products/mixed-pizza-nuts-bag-large","/products/mixed-pizza-nuts-bag-large","301"
"/en/products/mixed-pizza-nuts-bag-large","/en/products/mixed-pizza-nuts-bag-large","301"
"/products/turkish-coffee-box-with-cardamom-200g","/products/turkish-coffee-box-with-cardamom-200g","301"
"/en/products/turkish-coffee-box-with-cardamom-200g","/en/products/turkish-coffee-box-with-cardamom-200g","301"
"/products/turkish-coffee-box-without-cardamom-200g","/products/turkish-coffee-box-without-cardamom-200g","301"
"/en/products/turkish-coffee-box-without-cardamom-200g","/en/products/turkish-coffee-box-without-cardamom-200g","301"
"/products/mixed-nuts-chocolate-sticks-box","/products/mixed-nuts-chocolate-sticks-box","301"
"/en/products/mixed-nuts-chocolate-sticks-box","/en/products/mixed-nuts-chocolate-sticks-box","301"
"/products/mixed-regular-salted-nuts-bag-500g","/products/mixed-regular-salted-nuts-bag-500g","301"
"/en/products/mixed-regular-salted-nuts-bag-500g","/en/products/mixed-regular-salted-nuts-bag-500g","301"
"/products/mixed-regular-salted-nuts-bag-250g","/products/mixed-regular-salted-nuts-bag-250g","301"
"/en/products/mixed-regular-salted-nuts-bag-250g","/en/products/mixed-regular-salted-nuts-bag-250g","301"
"/products/tiramisu-ice-cream-mold","/products/tiramisu-ice-cream-mold","301"
"/en/products/tiramisu-ice-cream-mold","/en/products/tiramisu-ice-cream-mold","301"
"/products/sultan-baklava-with-ice-cream","/products/sultan-baklava-with-ice-cream","301"
"/en/products/sultan-baklava-with-ice-cream","/en/products/sultan-baklava-with-ice-cream","301"
"/products/banoffee-ice-cream-mold","/products/banoffee-ice-cream-mold","301"
"/en/products/banoffee-ice-cream-mold","/en/products/banoffee-ice-cream-mold","301"
"/products/passion-fruit-ice-cream-mold","/products/passion-fruit-ice-cream-mold","301"
"/en/products/passion-fruit-ice-cream-mold","/en/products/passion-fruit-ice-cream-mold","301"
"/products/mango-coconut-ice-cream-bar","/products/mango-coconut-ice-cream-bar","301"
"/en/products/mango-coconut-ice-cream-bar","/en/products/mango-coconut-ice-cream-bar","301"
"/products/lemon-mint-ice-cream-mold","/products/lemon-mint-ice-cream-mold","301"
"/en/products/lemon-mint-ice-cream-mold","/en/products/lemon-mint-ice-cream-mold","301"
"/products/cookies-and-cream-ice-cream-mold","/products/cookies-and-cream-ice-cream-mold","301"
"/en/products/cookies-and-cream-ice-cream-mold","/en/products/cookies-and-cream-ice-cream-mold","301"
"/products/salt-caramel-ice-cream-bar-with-popcorn","/products/salt-caramel-ice-cream-bar-with-popcorn","301"
"/en/products/salt-caramel-ice-cream-bar-with-popcorn","/en/products/salt-caramel-ice-cream-bar-with-popcorn","301"
"/products/red-fruits-ice-cream","/products/red-fruits-ice-cream","301"
"/en/products/red-fruits-ice-cream","/en/products/red-fruits-ice-cream","301"
"/products/pistachio-ice-cream-roll-mold","/products/pistachio-ice-cream-roll-mold","301"
"/en/products/pistachio-ice-cream-roll-mold","/en/products/pistachio-ice-cream-roll-mold","301"
"/products/rocher-ice-cream-mold","/products/rocher-ice-cream-mold","301"
"/en/products/rocher-ice-cream-mold","/en/products/rocher-ice-cream-mold","301"
"/products/pomegranate-cantaloupe-ice-cream-mold","/products/pomegranate-cantaloupe-ice-cream-mold","301"
"/en/products/pomegranate-cantaloupe-ice-cream-mold","/en/products/pomegranate-cantaloupe-ice-cream-mold","301"
"/products/greiman-chocolate-ice-cream-mold","/products/greiman-chocolate-ice-cream-mold","301"
"/en/products/greiman-chocolate-ice-cream-mold","/en/products/greiman-chocolate-ice-cream-mold","301"
"/products/strawberry-cheesecake-ice-cream-mold","/products/strawberry-cheesecake-ice-cream-mold","301"
"/en/products/strawberry-cheesecake-ice-cream-mold","/en/products/strawberry-cheesecake-ice-cream-mold","301"
"/products/cheesecake-ice-cream-mold","/products/cheesecake-ice-cream-mold","301"
"/en/products/cheesecake-ice-cream-mold","/en/products/cheesecake-ice-cream-mold","301"
"/products/triple-chocolate-ice-cream","/products/triple-chocolate-ice-cream","301"
"/en/products/triple-chocolate-ice-cream","/en/products/triple-chocolate-ice-cream","301"
"/products/oreo-ice-cream-mold","/products/oreo-ice-cream-mold","301"
"/en/products/oreo-ice-cream-mold","/en/products/oreo-ice-cream-mold","301"
"/products/cookies-and-cream-frizo","/products/cookies-and-cream-frizo","301"
"/en/products/cookies-and-cream-frizo","/en/products/cookies-and-cream-frizo","301"
"/products/mango-and-strawberry-frizo","/products/mango-and-strawberry-frizo","301"
"/en/products/mango-and-strawberry-frizo","/en/products/mango-and-strawberry-frizo","301"
"/products/vanilla-frizo","/products/vanilla-frizo","301"
"/en/products/vanilla-frizo","/en/products/vanilla-frizo","301"
"/products/banoffee-frizo","/products/banoffee-frizo","301"
"/en/products/banoffee-frizo","/en/products/banoffee-frizo","301"
"/products/cheese-ice-cream-with-pomegranate-pottery","/products/cheese-ice-cream-with-pomegranate-pottery","301"
"/en/products/cheese-ice-cream-with-pomegranate-pottery","/en/products/cheese-ice-cream-with-pomegranate-pottery","301"
"/products/banoffee-ice-cream-pot","/products/banoffee-ice-cream-pot","301"
"/en/products/banoffee-ice-cream-pot","/en/products/banoffee-ice-cream-pot","301"
"/products/umm-ali-ice-cream-pot","/products/umm-ali-ice-cream-pot","301"
"/en/products/umm-ali-ice-cream-pot","/en/products/umm-ali-ice-cream-pot","301"
"/products/strawberry-and-mango-sticks-box","/products/strawberry-and-mango-sticks-box","301"
"/en/products/strawberry-and-mango-sticks-box","/en/products/strawberry-and-mango-sticks-box","301"
"/products/large-assorted-ice-cream-bites-box","/products/large-assorted-ice-cream-bites-box","301"
"/en/products/large-assorted-ice-cream-bites-box","/en/products/large-assorted-ice-cream-bites-box","301"
"/products/small-assorted-ice-cream-bites-box","/products/small-assorted-ice-cream-bites-box","301"
"/en/products/small-assorted-ice-cream-bites-box","/en/products/small-assorted-ice-cream-bites-box","301"
"/products/pistachio-ice-cream-roll","/products/pistachio-ice-cream-roll","301"
"/en/products/pistachio-ice-cream-roll","/en/products/pistachio-ice-cream-roll","301"
"/products/ice-cream-roll-mn-and-salwa","/products/ice-cream-roll-mn-and-salwa","301"
"/en/products/ice-cream-roll-mn-and-salwa","/en/products/ice-cream-roll-mn-and-salwa","301"
"/products/icy-lube-mango-and-strawberry","/products/icy-lube-mango-and-strawberry","301"
"/en/products/icy-lube-mango-and-strawberry","/en/products/icy-lube-mango-and-strawberry","301"
"/products/icy-lube-cookies-and-cream","/products/icy-lube-cookies-and-cream","301"
"/en/products/icy-lube-cookies-and-cream","/en/products/icy-lube-cookies-and-cream","301"
"/products/icy-lube-vanilla-strawberry","/products/icy-lube-vanilla-strawberry","301"
"/en/products/icy-lube-vanilla-strawberry","/en/products/icy-lube-vanilla-strawberry","301"
"/products/icy-lube-banoffee","/products/icy-lube-banoffee","301"
"/en/products/icy-lube-banoffee","/en/products/icy-lube-banoffee","301"
"/products/coverd-chocolate-madeleine-keto","/products/coverd-chocolate-madeleine-keto","301"
"/en/products/coverd-chocolate-madeleine-keto","/en/products/coverd-chocolate-madeleine-keto","301"
"/products/delight-blueberry-cheese-cake","/products/delight-blueberry-cheese-cake","301"
"/en/products/delight-blueberry-cheese-cake","/en/products/delight-blueberry-cheese-cake","301"
"/products/delight-strawberry-cheese-cake","/products/delight-strawberry-cheese-cake","301"
"/en/products/delight-strawberry-cheese-cake","/en/products/delight-strawberry-cheese-cake","301"
"/products/fudge-cake-chocolate-keto","/products/fudge-cake-chocolate-keto","301"
"/en/products/fudge-cake-chocolate-keto","/en/products/fudge-cake-chocolate-keto","301"
"/products/almond-crackers-keto","/products/almond-crackers-keto","301"
"/en/products/almond-crackers-keto","/en/products/almond-crackers-keto","301"
"/products/delight-raspberry-cheese-cake","/products/delight-raspberry-cheese-cake","301"
"/en/products/delight-raspberry-cheese-cake","/en/products/delight-raspberry-cheese-cake","301"
"/products/delight-lemon-tart-keto","/products/delight-lemon-tart-keto","301"
"/en/products/delight-lemon-tart-keto","/en/products/delight-lemon-tart-keto","301"
"/products/brownies-keto","/products/brownies-keto","301"
"/en/products/brownies-keto","/en/products/brownies-keto","301"
"/products/delight-passion-fruit-creme-brulee","/products/delight-passion-fruit-creme-brulee","301"
"/en/products/delight-passion-fruit-creme-brulee","/en/products/delight-passion-fruit-creme-brulee","301"
"/products/tiramisu-keto","/products/tiramisu-keto","301"
"/en/products/tiramisu-keto","/en/products/tiramisu-keto","301"
"/products/pecan-crackers-keto","/products/pecan-crackers-keto","301"
"/en/products/pecan-crackers-keto","/en/products/pecan-crackers-keto","301"
"/products/coconut-crackers-keto","/products/coconut-crackers-keto","301"
"/en/products/coconut-crackers-keto","/en/products/coconut-crackers-keto","301"
"/products/delight-orange-cheese-cake","/products/delight-orange-cheese-cake","301"
"/en/products/delight-orange-cheese-cake","/en/products/delight-orange-cheese-cake","301"
"/products/qatayef-walnuts-and-small-almonds","/products/qatayef-walnuts-and-small-almonds","301"
"/en/products/qatayef-walnuts-and-small-almonds","/en/products/qatayef-walnuts-and-small-almonds","301"
"/products/small-frozen-meat-kubbah-box","/products/small-frozen-meat-kubbah-box","301"
"/en/products/small-frozen-meat-kubbah-box","/en/products/small-frozen-meat-kubbah-box","301"
"/products/large-frozen-meat-kubbah-box","/products/large-frozen-meat-kubbah-box","301"
"/en/products/large-frozen-meat-kubbah-box","/en/products/large-frozen-meat-kubbah-box","301"
"/products/box-cheese-burek-frozen-10-pieces","/products/box-cheese-burek-frozen-10-pieces","301"
"/en/products/box-cheese-burek-frozen-10-pieces","/en/products/box-cheese-burek-frozen-10-pieces","301"
"/products/small-eawamuh-box","/products/small-eawamuh-box","301"
"/en/products/small-eawamuh-box","/en/products/small-eawamuh-box","301"
"/products/mixed-appetizer-box","/products/mixed-appetizer-box","301"
"/en/products/mixed-appetizer-box","/en/products/mixed-appetizer-box","301"
"/products/small-frozen-chicken-kubbah-box","/products/small-frozen-chicken-kubbah-box","301"
"/en/products/small-frozen-chicken-kubbah-box","/en/products/small-frozen-chicken-kubbah-box","301"
"/products/large-frozen-chicken-kubbah-box","/products/large-frozen-chicken-kubbah-box","301"
"/en/products/large-frozen-chicken-kubbah-box","/en/products/large-frozen-chicken-kubbah-box","301"
"/products/a-large-box-of-qatayef-cheese","/products/a-large-box-of-qatayef-cheese","301"
"/en/products/a-large-box-of-qatayef-cheese","/en/products/a-large-box-of-qatayef-cheese","301"
"/products/small-box-of-qatayef-cheese","/products/small-box-of-qatayef-cheese","301"
"/en/products/small-box-of-qatayef-cheese","/en/products/small-box-of-qatayef-cheese","301"
"/products/qatayef-walnuts-and-large-almonds","/products/qatayef-walnuts-and-large-almonds","301"
"/en/products/qatayef-walnuts-and-large-almonds","/en/products/qatayef-walnuts-and-large-almonds","301"
"/products/large-eawamuh-box","/products/large-eawamuh-box","301"
"/en/products/large-eawamuh-box","/en/products/large-eawamuh-box","301"
"/products/small-chicken-curry-empanada","/products/small-chicken-curry-empanada","301"
"/en/products/small-chicken-curry-empanada","/en/products/small-chicken-curry-empanada","301"
"/products/assorted-maamoul-and-cakes-by-kilo","/products/assorted-maamoul-and-cakes-by-kilo","301"
"/en/products/assorted-maamoul-and-cakes-by-kilo","/en/products/assorted-maamoul-and-cakes-by-kilo","301"
"/products/small-chicken-pesto-empanada","/products/small-chicken-pesto-empanada","301"
"/en/products/small-chicken-pesto-empanada","/en/products/small-chicken-pesto-empanada","301"
"/products/small-empanada-mixed-cheese","/products/small-empanada-mixed-cheese","301"
"/en/products/small-empanada-mixed-cheese","/en/products/small-empanada-mixed-cheese","301"
"/products/small-chicken-fajita-empanada","/products/small-chicken-fajita-empanada","301"
"/en/products/small-chicken-fajita-empanada","/en/products/small-chicken-fajita-empanada","301"
"/products/small-oriental-cheese-empanada","/products/small-oriental-cheese-empanada","301"
"/en/products/small-oriental-cheese-empanada","/en/products/small-oriental-cheese-empanada","301"
"/products/assorted-maamoul-kilo","/products/assorted-maamoul-kilo","301"
"/en/products/assorted-maamoul-kilo","/en/products/assorted-maamoul-kilo","301"
"/products/small-chicken-empanada-musakhan","/products/small-chicken-empanada-musakhan","301"
"/en/products/small-chicken-empanada-musakhan","/en/products/small-chicken-empanada-musakhan","301"
"/products/chocolate-decor-9","/products/chocolate-decor-9","301"
"/en/products/chocolate-decor-9","/en/products/chocolate-decor-9","301"
"/products/chocolate-decor-8","/products/chocolate-decor-8","301"
"/en/products/chocolate-decor-8","/en/products/chocolate-decor-8","301"
"/products/chocolate-decor-7","/products/chocolate-decor-7","301"
"/en/products/chocolate-decor-7","/en/products/chocolate-decor-7","301"
"/products/chocolate-decor-20","/products/chocolate-decor-20","301"
"/en/products/chocolate-decor-20","/en/products/chocolate-decor-20","301"
"/products/chocolate-decor-19","/products/chocolate-decor-19","301"
"/en/products/chocolate-decor-19","/en/products/chocolate-decor-19","301"
"/products/chocolate-decor-18","/products/chocolate-decor-18","301"
"/en/products/chocolate-decor-18","/en/products/chocolate-decor-18","301"
"/products/chocolate-decor-17","/products/chocolate-decor-17","301"
"/en/products/chocolate-decor-17","/en/products/chocolate-decor-17","301"
"/products/chocolate-decor-16","/products/chocolate-decor-16","301"
"/en/products/chocolate-decor-16","/en/products/chocolate-decor-16","301"
"/products/chocolate-decor-15","/products/chocolate-decor-15","301"
"/en/products/chocolate-decor-15","/en/products/chocolate-decor-15","301"
"/products/chocolate-decor-14","/products/chocolate-decor-14","301"
"/en/products/chocolate-decor-14","/en/products/chocolate-decor-14","301"
"/products/chocolate-decor-13","/products/chocolate-decor-13","301"
"/en/products/chocolate-decor-13","/en/products/chocolate-decor-13","301"
"/products/chocolate-decor-12","/products/chocolate-decor-12","301"
"/en/products/chocolate-decor-12","/en/products/chocolate-decor-12","301"
"/products/chocolate-decor-11","/products/chocolate-decor-11","301"
"/en/products/chocolate-decor-11","/en/products/chocolate-decor-11","301"
"/products/chocolate-decor-10","/products/chocolate-decor-10","301"
"/en/products/chocolate-decor-10","/en/products/chocolate-decor-10","301"
"/products/mini-box-of-mixed-baklava-without-sugar","/products/mini-box-of-mixed-baklava-without-sugar","301"
"/en/products/mini-box-of-mixed-baklava-without-sugar","/en/products/mini-box-of-mixed-baklava-without-sugar","301"
"/products/sugar-free-nathreat-box","/products/sugar-free-nathreat-box","301"
"/en/products/sugar-free-nathreat-box","/en/products/sugar-free-nathreat-box","301"
"/products/sugar-free-mixed-baklava-box","/products/sugar-free-mixed-baklava-box","301"
"/en/products/sugar-free-mixed-baklava-box","/en/products/sugar-free-mixed-baklava-box","301"
"/products/mini-box-of-soiree-almond-fingers-without-sugar","/products/mini-box-of-soiree-almond-fingers-without-sugar","301"
"/en/products/mini-box-of-soiree-almond-fingers-without-sugar","/en/products/mini-box-of-soiree-almond-fingers-without-sugar","301"
"/products/lite-walnut-and-almond-maamoul-box","/products/lite-walnut-and-almond-maamoul-box","301"
"/en/products/lite-walnut-and-almond-maamoul-box","/en/products/lite-walnut-and-almond-maamoul-box","301"
"/products/date-maamoul-box","/products/date-maamoul-box","301"
"/en/products/date-maamoul-box","/en/products/date-maamoul-box","301"
"/products/mini-crunchy-coffee-treat-box","/products/mini-crunchy-coffee-treat-box","301"
"/en/products/mini-crunchy-coffee-treat-box","/en/products/mini-crunchy-coffee-treat-box","301"
"/products/assorted-arabic-sweets-box","/products/assorted-arabic-sweets-box","301"
"/en/products/assorted-arabic-sweets-box","/en/products/assorted-arabic-sweets-box","301"
"/products/mini-chocolate-dipped-petit-four-box","/products/mini-chocolate-dipped-petit-four-box","301"
"/en/products/mini-chocolate-dipped-petit-four-box","/en/products/mini-chocolate-dipped-petit-four-box","301"
"/products/mini-vermicelli-petit-four-box","/products/mini-vermicelli-petit-four-box","301"
"/en/products/mini-vermicelli-petit-four-box","/en/products/mini-vermicelli-petit-four-box","301"
"/products/mini-mixed-sable-petit-four-box","/products/mini-mixed-sable-petit-four-box","301"
"/en/products/mini-mixed-sable-petit-four-box","/en/products/mini-mixed-sable-petit-four-box","301"
"/products/mini-chocolate-flower-petit-four-box","/products/mini-chocolate-flower-petit-four-box","301"
"/en/products/mini-chocolate-flower-petit-four-box","/en/products/mini-chocolate-flower-petit-four-box","301"
"/products/mini-butter-sable-petit-four-box","/products/mini-butter-sable-petit-four-box","301"
"/en/products/mini-butter-sable-petit-four-box","/en/products/mini-butter-sable-petit-four-box","301"
"/products/ajwa-dates-bag-stuffed-and-covered-with-chocolate","/products/ajwa-dates-bag-stuffed-and-covered-with-chocolate","301"
"/en/products/ajwa-dates-bag-stuffed-and-covered-with-chocolate","/en/products/ajwa-dates-bag-stuffed-and-covered-with-chocolate","301"
"/products/hot-chocolate","/products/hot-chocolate","301"
"/en/products/hot-chocolate","/en/products/hot-chocolate","301"
"/products/cortado","/products/cortado","301"
"/en/products/cortado","/en/products/cortado","301"
"/products/sahlab-cup","/products/sahlab-cup","301"
"/en/products/sahlab-cup","/en/products/sahlab-cup","301"
"/products/colombian-specialty-coffee","/products/colombian-specialty-coffee","301"
"/en/products/colombian-specialty-coffee","/en/products/colombian-specialty-coffee","301"
"/products/ethiopian-specialty-coffee","/products/ethiopian-specialty-coffee","301"
"/en/products/ethiopian-specialty-coffee","/en/products/ethiopian-specialty-coffee","301"
"/products/saudi-coffee-cup","/products/saudi-coffee-cup","301"
"/en/products/saudi-coffee-cup","/en/products/saudi-coffee-cup","301"
"/products/double-turkish-coffee","/products/double-turkish-coffee","301"
"/en/products/double-turkish-coffee","/en/products/double-turkish-coffee","301"
"/products/turkish-coffee","/products/turkish-coffee","301"
"/en/products/turkish-coffee","/en/products/turkish-coffee","301"
"/products/flat-white","/products/flat-white","301"
"/en/products/flat-white","/en/products/flat-white","301"
"/products/pink-kashmiri-tea","/products/pink-kashmiri-tea","301"
"/en/products/pink-kashmiri-tea","/en/products/pink-kashmiri-tea","301"
"/products/karak-tea-8oz","/products/karak-tea-8oz","301"
"/en/products/karak-tea-8oz","/en/products/karak-tea-8oz","301"
"/products/hot-spanish-latte","/products/hot-spanish-latte","301"
"/en/products/hot-spanish-latte","/en/products/hot-spanish-latte","301"
"/products/hot-chocolate-dallah-1-liter","/products/hot-chocolate-dallah-1-liter","301"
"/en/products/hot-chocolate-dallah-1-liter","/en/products/hot-chocolate-dallah-1-liter","301"
"/products/saudi-coffee-pot-1-liter","/products/saudi-coffee-pot-1-liter","301"
"/en/products/saudi-coffee-pot-1-liter","/en/products/saudi-coffee-pot-1-liter","301"
"/products/todays-coffee-pot-1-liter","/products/todays-coffee-pot-1-liter","301"
"/en/products/todays-coffee-pot-1-liter","/en/products/todays-coffee-pot-1-liter","301"
"/products/pink-kashmiri-tea-dallah-1-liter","/products/pink-kashmiri-tea-dallah-1-liter","301"
"/en/products/pink-kashmiri-tea-dallah-1-liter","/en/products/pink-kashmiri-tea-dallah-1-liter","301"
"/products/moroccan-tea-dallah-1-liter","/products/moroccan-tea-dallah-1-liter","301"
"/en/products/moroccan-tea-dallah-1-liter","/en/products/moroccan-tea-dallah-1-liter","301"
"/products/karak-tea-dallah-1-liter","/products/karak-tea-dallah-1-liter","301"
"/en/products/karak-tea-dallah-1-liter","/en/products/karak-tea-dallah-1-liter","301"
"/products/tea-dallah-1-liter","/products/tea-dallah-1-liter","301"
"/en/products/tea-dallah-1-liter","/en/products/tea-dallah-1-liter","301"
"/products/sahlab-dallah-1-liter","/products/sahlab-dallah-1-liter","301"
"/en/products/sahlab-dallah-1-liter","/en/products/sahlab-dallah-1-liter","301"
"/products/double-espresso","/products/double-espresso","301"
"/en/products/double-espresso","/en/products/double-espresso","301"
"/products/espresso","/products/espresso","301"
"/en/products/espresso","/en/products/espresso","301"
"/products/espresso-maccato","/products/espresso-maccato","301"
"/en/products/espresso-maccato","/en/products/espresso-maccato","301"
"/products/coffee-latte-8oz","/products/coffee-latte-8oz","301"
"/en/products/coffee-latte-8oz","/en/products/coffee-latte-8oz","301"
"/products/caramel-macchiato-8oz","/products/caramel-macchiato-8oz","301"
"/en/products/caramel-macchiato-8oz","/en/products/caramel-macchiato-8oz","301"
"/products/french-coffee-8oz","/products/french-coffee-8oz","301"
"/en/products/french-coffee-8oz","/en/products/french-coffee-8oz","301"
"/products/americano-coffee-8oz","/products/americano-coffee-8oz","301"
"/en/products/americano-coffee-8oz","/en/products/americano-coffee-8oz","301"
"/products/black-coffee-8oz","/products/black-coffee-8oz","301"
"/en/products/black-coffee-8oz","/en/products/black-coffee-8oz","301"
"/products/cappuccino-8oz","/products/cappuccino-8oz","301"
"/en/products/cappuccino-8oz","/en/products/cappuccino-8oz","301"
"/products/italian-coffee-8oz","/products/italian-coffee-8oz","301"
"/en/products/italian-coffee-8oz","/en/products/italian-coffee-8oz","301"
"/products/8oz-mocha-chocolate","/products/8oz-mocha-chocolate","301"
"/en/products/8oz-mocha-chocolate","/en/products/8oz-mocha-chocolate","301"
"/products/coffee-latte-12oz","/products/coffee-latte-12oz","301"
"/en/products/coffee-latte-12oz","/en/products/coffee-latte-12oz","301"
"/products/caramel-macchiato-12oz","/products/caramel-macchiato-12oz","301"
"/en/products/caramel-macchiato-12oz","/en/products/caramel-macchiato-12oz","301"
"/products/cappuccino-12oz","/products/cappuccino-12oz","301"
"/en/products/cappuccino-12oz","/en/products/cappuccino-12oz","301"
"/products/french-coffee-12oz","/products/french-coffee-12oz","301"
"/en/products/french-coffee-12oz","/en/products/french-coffee-12oz","301"
"/products/italian-coffee-12oz","/products/italian-coffee-12oz","301"
"/en/products/italian-coffee-12oz","/en/products/italian-coffee-12oz","301"
"/products/mocha-chocolate-12oz","/products/mocha-chocolate-12oz","301"
"/en/products/mocha-chocolate-12oz","/en/products/mocha-chocolate-12oz","301"
"/products/hot-hazelnut-latte-12oz","/products/hot-hazelnut-latte-12oz","301"
"/en/products/hot-hazelnut-latte-12oz","/en/products/hot-hazelnut-latte-12oz","301"
"/products/americano-coffee-12oz","/products/americano-coffee-12oz","301"
"/en/products/americano-coffee-12oz","/en/products/americano-coffee-12oz","301"
"/products/black-coffee-12oz","/products/black-coffee-12oz","301"
"/en/products/black-coffee-12oz","/en/products/black-coffee-12oz","301"
"/products/karak-tea-10oz","/products/karak-tea-10oz","301"
"/en/products/karak-tea-10oz","/en/products/karak-tea-10oz","301"
"/products/spanish-ice-latte-16oz","/products/spanish-ice-latte-16oz","301"
"/en/products/spanish-ice-latte-16oz","/en/products/spanish-ice-latte-16oz","301"
"/products/hazelnut-ice-latte-16oz","/products/hazelnut-ice-latte-16oz","301"
"/en/products/hazelnut-ice-latte-16oz","/en/products/hazelnut-ice-latte-16oz","301"
"/products/ice-coffee-16oz","/products/ice-coffee-16oz","301"
"/en/products/ice-coffee-16oz","/en/products/ice-coffee-16oz","301"
"/products/ice-make-chocolate-16oz","/products/ice-make-chocolate-16oz","301"
"/en/products/ice-make-chocolate-16oz","/en/products/ice-make-chocolate-16oz","301"
"/products/pistachio-ice-latte-16oz","/products/pistachio-ice-latte-16oz","301"
"/en/products/pistachio-ice-latte-16oz","/en/products/pistachio-ice-latte-16oz","301"
"/products/ice-latte-16oz","/products/ice-latte-16oz","301"
"/en/products/ice-latte-16oz","/en/products/ice-latte-16oz","301"
"/products/ice-caramel-maccato-16oz","/products/ice-caramel-maccato-16oz","301"
"/en/products/ice-caramel-maccato-16oz","/en/products/ice-caramel-maccato-16oz","301"
"/products/ice-chocolate-mocha-16oz","/products/ice-chocolate-mocha-16oz","301"
"/en/products/ice-chocolate-mocha-16oz","/en/products/ice-chocolate-mocha-16oz","301"
"/products/ice-white-mocha-16oz","/products/ice-white-mocha-16oz","301"
"/en/products/ice-white-mocha-16oz","/en/products/ice-white-mocha-16oz","301"
"/products/spanish-ice-latte-12oz","/products/spanish-ice-latte-12oz","301"
"/en/products/spanish-ice-latte-12oz","/en/products/spanish-ice-latte-12oz","301"
"/products/ice-latte-pistachio-12oz","/products/ice-latte-pistachio-12oz","301"
"/en/products/ice-latte-pistachio-12oz","/en/products/ice-latte-pistachio-12oz","301"
"/products/ice-coffee-12oz","/products/ice-coffee-12oz","301"
"/en/products/ice-coffee-12oz","/en/products/ice-coffee-12oz","301"
"/products/ice-chocolate-mocha-12oz","/products/ice-chocolate-mocha-12oz","301"
"/en/products/ice-chocolate-mocha-12oz","/en/products/ice-chocolate-mocha-12oz","301"
"/products/ice-white-mocha-12oz","/products/ice-white-mocha-12oz","301"
"/en/products/ice-white-mocha-12oz","/en/products/ice-white-mocha-12oz","301"
"/products/ice-make-chocolate-12oz","/products/ice-make-chocolate-12oz","301"
"/en/products/ice-make-chocolate-12oz","/en/products/ice-make-chocolate-12oz","301"
"/products/ice-latte-12oz","/products/ice-latte-12oz","301"
"/en/products/ice-latte-12oz","/en/products/ice-latte-12oz","301"
"/products/ice-caramel-maccato-12oz","/products/ice-caramel-maccato-12oz","301"
"/en/products/ice-caramel-maccato-12oz","/en/products/ice-caramel-maccato-12oz","301"
"/products/kunafa-flan-cake","/products/kunafa-flan-cake","301"
"/en/products/kunafa-flan-cake","/en/products/kunafa-flan-cake","301"
"/products/galette-almond","/products/galette-almond","301"
"/en/products/galette-almond","/en/products/galette-almond","301"
"/products/kunafa-skewers-box-large","/products/kunafa-skewers-box-large","301"
"/en/products/kunafa-skewers-box-large","/en/products/kunafa-skewers-box-large","301"
"/products/date-basbousa-plate","/products/date-basbousa-plate","301"
"/en/products/date-basbousa-plate","/en/products/date-basbousa-plate","301"
"/products/choco-kunafa-plate","/products/choco-kunafa-plate","301"
"/en/products/choco-kunafa-plate","/en/products/choco-kunafa-plate","301"
"/products/kunafa-skewers-box-small","/products/kunafa-skewers-box-small","301"
"/en/products/kunafa-skewers-box-small","/en/products/kunafa-skewers-box-small","301"
"/products/flame-warmer","/products/flame-warmer","301"
"/en/products/flame-warmer","/en/products/flame-warmer","301"
"/products/crunchy-hazelnut-pudding","/products/crunchy-hazelnut-pudding","301"
"/en/products/crunchy-hazelnut-pudding","/en/products/crunchy-hazelnut-pudding","301"
"/products/mango-clay-pot-small","/products/mango-clay-pot-small","301"
"/en/products/mango-clay-pot-small","/en/products/mango-clay-pot-small","301"
"/products/strawberry-clay-pot-large","/products/strawberry-clay-pot-large","301"
"/en/products/strawberry-clay-pot-large","/en/products/strawberry-clay-pot-large","301"
"/products/strawberry-clay-pot-medium","/products/strawberry-clay-pot-medium","301"
"/en/products/strawberry-clay-pot-medium","/en/products/strawberry-clay-pot-medium","301"
"/products/strawberry-clay-pot-small","/products/strawberry-clay-pot-small","301"
"/en/products/strawberry-clay-pot-small","/en/products/strawberry-clay-pot-small","301"
"/products/mango-clay-pot-large","/products/mango-clay-pot-large","301"
"/en/products/mango-clay-pot-large","/en/products/mango-clay-pot-large","301"
"/products/mango-clay-pot-medium","/products/mango-clay-pot-medium","301"
"/en/products/mango-clay-pot-medium","/en/products/mango-clay-pot-medium","301"
"/products/caramel-pecan-clay-pot-large","/products/caramel-pecan-clay-pot-large","301"
"/en/products/caramel-pecan-clay-pot-large","/en/products/caramel-pecan-clay-pot-large","301"
"/products/caramel-pecan-clay-pot-medium","/products/caramel-pecan-clay-pot-medium","301"
"/en/products/caramel-pecan-clay-pot-medium","/en/products/caramel-pecan-clay-pot-medium","301"
"/products/caramel-pecan-clay-pot-small","/products/caramel-pecan-clay-pot-small","301"
"/en/products/caramel-pecan-clay-pot-small","/en/products/caramel-pecan-clay-pot-small","301"
"/products/hazelnut-crunchy-clay-pot-large","/products/hazelnut-crunchy-clay-pot-large","301"
"/en/products/hazelnut-crunchy-clay-pot-large","/en/products/hazelnut-crunchy-clay-pot-large","301"
"/products/hazelnut-crunchy-clay-pot-medium","/products/hazelnut-crunchy-clay-pot-medium","301"
"/en/products/hazelnut-crunchy-clay-pot-medium","/en/products/hazelnut-crunchy-clay-pot-medium","301"
"/products/hazelnut-crunchy-clay-pot-small","/products/hazelnut-crunchy-clay-pot-small","301"
"/en/products/hazelnut-crunchy-clay-pot-small","/en/products/hazelnut-crunchy-clay-pot-small","301"
"/products/date-cake-clay-pot-large","/products/date-cake-clay-pot-large","301"
"/en/products/date-cake-clay-pot-large","/en/products/date-cake-clay-pot-large","301"
"/products/date-cake-clay-pot-medium","/products/date-cake-clay-pot-medium","301"
"/en/products/date-cake-clay-pot-medium","/en/products/date-cake-clay-pot-medium","301"
"/products/date-cake-clay-pot-small","/products/date-cake-clay-pot-small","301"
"/en/products/date-cake-clay-pot-small","/en/products/date-cake-clay-pot-small","301"
"/products/large-assorted-cream-sweets-box-with-asafeeri","/products/large-assorted-cream-sweets-box-with-asafeeri","301"
"/en/products/large-assorted-cream-sweets-box-with-asafeeri","/en/products/large-assorted-cream-sweets-box-with-asafeeri","301"
"/products/smallhalawet-el-jibn-box","/products/smallhalawet-el-jibn-box","301"
"/en/products/smallhalawet-el-jibn-box","/en/products/smallhalawet-el-jibn-box","301"
"/products/large-znood-traditional-sweets-and-qatayef-box","/products/large-znood-traditional-sweets-and-qatayef-box","301"
"/en/products/large-znood-traditional-sweets-and-qatayef-box","/en/products/large-znood-traditional-sweets-and-qatayef-box","301"
"/products/nest-al-saraya-clay-pot-with-baklava","/products/nest-al-saraya-clay-pot-with-baklava","301"
"/en/products/nest-al-saraya-clay-pot-with-baklava","/en/products/nest-al-saraya-clay-pot-with-baklava","301"
"/products/pistachio-basbousa-with-cream-and-kunafa","/products/pistachio-basbousa-with-cream-and-kunafa","301"
"/en/products/pistachio-basbousa-with-cream-and-kunafa","/en/products/pistachio-basbousa-with-cream-and-kunafa","301"
"/products/small-rose-of-damascus-box","/products/small-rose-of-damascus-box","301"
"/en/products/small-rose-of-damascus-box","/en/products/small-rose-of-damascus-box","301"
"/products/largehalawet-el-jibn-and-asafeeri-box","/products/largehalawet-el-jibn-and-asafeeri-box","301"
"/en/products/largehalawet-el-jibn-and-asafeeri-box","/en/products/largehalawet-el-jibn-and-asafeeri-box","301"
"/products/small-assorted-fried-sweets-box","/products/small-assorted-fried-sweets-box","301"
"/en/products/small-assorted-fried-sweets-box","/en/products/small-assorted-fried-sweets-box","301"
"/products/baklava-pudding-clay-pot","/products/baklava-pudding-clay-pot","301"
"/en/products/baklava-pudding-clay-pot","/en/products/baklava-pudding-clay-pot","301"
"/products/lemon-baklava-cake","/products/lemon-baklava-cake","301"
"/en/products/lemon-baklava-cake","/en/products/lemon-baklava-cake","301"
"/products/mango-brulee-dish","/products/mango-brulee-dish","301"
"/en/products/mango-brulee-dish","/en/products/mango-brulee-dish","301"
"/products/pistachio-mafroukeh-with-cream-kunafa-and-baklava","/products/pistachio-mafroukeh-with-cream-kunafa-and-baklava","301"
"/en/products/pistachio-mafroukeh-with-cream-kunafa-and-baklava","/en/products/pistachio-mafroukeh-with-cream-kunafa-and-baklava","301"
"/products/large-assorted-fried-sweets-box","/products/large-assorted-fried-sweets-box","301"
"/en/products/large-assorted-fried-sweets-box","/en/products/large-assorted-fried-sweets-box","301"
"/products/large-assorted-cream-sweets-box-withhalawet-el-jibn","/products/large-assorted-cream-sweets-box-withhalawet-el-jibn","301"
"/en/products/large-assorted-cream-sweets-box-withhalawet-el-jibn","/en/products/large-assorted-cream-sweets-box-withhalawet-el-jibn","301"
"/products/maamoul-mad-with-cream-and-pistachio-1-2-kg","/products/maamoul-mad-with-cream-and-pistachio-1-2-kg","301"
"/en/products/maamoul-mad-with-cream-and-pistachio-1-2-kg","/en/products/maamoul-mad-with-cream-and-pistachio-1-2-kg","301"
"/products/maamoul-mad-with-cream-and-pistachio-1-kg","/products/maamoul-mad-with-cream-and-pistachio-1-kg","301"
"/en/products/maamoul-mad-with-cream-and-pistachio-1-kg","/en/products/maamoul-mad-with-cream-and-pistachio-1-kg","301"
"/products/meshbak-1-kg","/products/meshbak-1-kg","301"
"/en/products/meshbak-1-kg","/en/products/meshbak-1-kg","301"
"/products/meshbak-1-2-kg","/products/meshbak-1-2-kg","301"
"/en/products/meshbak-1-2-kg","/en/products/meshbak-1-2-kg","301"
"/products/qatayef-asfouri-cream-1-2-kg","/products/qatayef-asfouri-cream-1-2-kg","301"
"/en/products/qatayef-asfouri-cream-1-2-kg","/en/products/qatayef-asfouri-cream-1-2-kg","301"
"/products/qatayef-asfouri-cream-1-kg","/products/qatayef-asfouri-cream-1-kg","301"
"/en/products/qatayef-asfouri-cream-1-kg","/en/products/qatayef-asfouri-cream-1-kg","301"
"/products/qatayef-walnut-1-kg","/products/qatayef-walnut-1-kg","301"
"/en/products/qatayef-walnut-1-kg","/en/products/qatayef-walnut-1-kg","301"
"/products/qatayef-walnut-1-2-kg","/products/qatayef-walnut-1-2-kg","301"
"/en/products/qatayef-walnut-1-2-kg","/en/products/qatayef-walnut-1-2-kg","301"
"/products/1-2-kg-cheese-qatayef","/products/1-2-kg-cheese-qatayef","301"
"/en/products/1-2-kg-cheese-qatayef","/en/products/1-2-kg-cheese-qatayef","301"
"/products/1-kg-of-cheese-qatayef","/products/1-kg-of-cheese-qatayef","301"
"/en/products/1-kg-of-cheese-qatayef","/en/products/1-kg-of-cheese-qatayef","301"
"/products/plain-qatayef-dough-1-2-kg","/products/plain-qatayef-dough-1-2-kg","301"
"/en/products/plain-qatayef-dough-1-2-kg","/en/products/plain-qatayef-dough-1-2-kg","301"
"/products/plain-qatayef-dough-1-kg","/products/plain-qatayef-dough-1-kg","301"
"/en/products/plain-qatayef-dough-1-kg","/en/products/plain-qatayef-dough-1-kg","301"
"/products/aish-al-bulbul-cream-1-2-kg","/products/aish-al-bulbul-cream-1-2-kg","301"
"/en/products/aish-al-bulbul-cream-1-2-kg","/en/products/aish-al-bulbul-cream-1-2-kg","301"
"/products/aish-al-bulbul-cream-1-kg","/products/aish-al-bulbul-cream-1-kg","301"
"/en/products/aish-al-bulbul-cream-1-kg","/en/products/aish-al-bulbul-cream-1-kg","301"
"/products/savory-cheese-sambousek-1-kg","/products/savory-cheese-sambousek-1-kg","301"
"/en/products/savory-cheese-sambousek-1-kg","/en/products/savory-cheese-sambousek-1-kg","301"
"/products/baklava-cream-1-2-kg","/products/baklava-cream-1-2-kg","301"
"/en/products/baklava-cream-1-2-kg","/en/products/baklava-cream-1-2-kg","301"
"/products/baklava-cream-1-kg","/products/baklava-cream-1-kg","301"
"/en/products/baklava-cream-1-kg","/en/products/baklava-cream-1-kg","301"
"/products/muhallabia-baklava-1-kg","/products/muhallabia-baklava-1-kg","301"
"/en/products/muhallabia-baklava-1-kg","/en/products/muhallabia-baklava-1-kg","301"
"/products/empanada-pastries-box-12-pieces","/products/empanada-pastries-box-12-pieces","301"
"/en/products/empanada-pastries-box-12-pieces","/en/products/empanada-pastries-box-12-pieces","301"
"/products/small-assorted-ramadan-appetizers-box","/products/small-assorted-ramadan-appetizers-box","301"
"/en/products/small-assorted-ramadan-appetizers-box","/en/products/small-assorted-ramadan-appetizers-box","301"
"/products/large-assorted-ramadan-appetizers-box","/products/large-assorted-ramadan-appetizers-box","301"
"/en/products/large-assorted-ramadan-appetizers-box","/en/products/large-assorted-ramadan-appetizers-box","301"
"/products/qamar-al-din-juice-1-5-liters","/products/qamar-al-din-juice-1-5-liters","301"
"/en/products/qamar-al-din-juice-1-5-liters","/en/products/qamar-al-din-juice-1-5-liters","301"
"/products/hibiscus-juice-1-liter","/products/hibiscus-juice-1-liter","301"
"/en/products/hibiscus-juice-1-liter","/en/products/hibiscus-juice-1-liter","301"
"/products/tamarind-juice-1-5-liters","/products/tamarind-juice-1-5-liters","301"
"/en/products/tamarind-juice-1-5-liters","/en/products/tamarind-juice-1-5-liters","301"
"/products/hibiscus-juice-1-5-liters","/products/hibiscus-juice-1-5-liters","301"
"/en/products/hibiscus-juice-1-5-liters","/en/products/hibiscus-juice-1-5-liters","301"
"/products/tamarind-juice-1-liter","/products/tamarind-juice-1-liter","301"
"/en/products/tamarind-juice-1-liter","/en/products/tamarind-juice-1-liter","301"
"/products/qamar-al-din-juice-1-liter","/products/qamar-al-din-juice-1-liter","301"
"/en/products/qamar-al-din-juice-1-liter","/en/products/qamar-al-din-juice-1-liter","301"
"/products/red-snowboard","/products/red-snowboard","301"
"/en/products/red-snowboard","/en/products/red-snowboard","301"
"/products/bundle","/products/bundle","301"
"/en/products/bundle","/en/products/bundle","301"
"/products/classic-collection","/products/classic-collection","301"
"/en/products/classic-collection","/en/products/classic-collection","301"
"/products/premium-collection","/products/premium-collection","301"
"/en/products/premium-collection","/en/products/premium-collection","301"
"/products/custom-collection","/products/custom-collection","301"
"/en/products/custom-collection","/en/products/custom-collection","301"
"/products/بطاقة-هدية-سعد-الدين-saadeddin-gift-card","/products/بطاقة-هدية-سعد-الدين-saadeddin-gift-card","301"
"/en/products/بطاقة-هدية-سعد-الدين-saadeddin-gift-card","/en/products/بطاقة-هدية-سعد-الدين-saadeddin-gift-card","301"
"/collections/frontpage","/collections/frontpage","301"
"/en/collections/frontpage","/en/collections/frontpage","301"
"/collections/cake","/collections/cake","301"
"/en/collections/cake","/en/collections/cake","301"
"/collections/arabic","/collections/arabic","301"
"/en/collections/arabic","/en/collections/arabic","301"
"/collections/chocolate","/collections/chocolate","301"
"/en/collections/chocolate","/en/collections/chocolate","301"
"/collections/cream-and-more","/collections/cream-and-more","301"
"/en/collections/cream-and-more","/en/collections/cream-and-more","301"
"/collections/kunafa","/collections/kunafa","301"
"/en/collections/kunafa","/en/collections/kunafa","301"
"/collections/pastries-and-appetizers","/collections/pastries-and-appetizers","301"
"/en/collections/pastries-and-appetizers","/en/collections/pastries-and-appetizers","301"
"/collections/coffee-sweet-and-dates","/collections/coffee-sweet-and-dates","301"
"/en/collections/coffee-sweet-and-dates","/en/collections/coffee-sweet-and-dates","301"
"/collections/coffee-tea-and-nuts","/collections/coffee-tea-and-nuts","301"
"/en/collections/coffee-tea-and-nuts","/en/collections/coffee-tea-and-nuts","301"
"/collections/ice-cream","/collections/ice-cream","301"
"/en/collections/ice-cream","/en/collections/ice-cream","301"
"/collections/health-products","/collections/health-products","301"
"/en/collections/health-products","/en/collections/health-products","301"
"/collections/frozen","/collections/frozen","301"
"/en/collections/frozen","/en/collections/frozen","301"
"/collections/baked-for-you","/collections/baked-for-you","301"
"/en/collections/baked-for-you","/en/collections/baked-for-you","301"
"/collections/chocolate-decorations","/collections/chocolate-decorations","301"
"/en/collections/chocolate-decorations","/en/collections/chocolate-decorations","301"
"/collections/diet-sweets","/collections/diet-sweets","301"
"/en/collections/diet-sweets","/en/collections/diet-sweets","301"
"/collections/tawzieat-mutanawiea","/collections/tawzieat-mutanawiea","301"
"/en/collections/tawzieat-mutanawiea","/en/collections/tawzieat-mutanawiea","301"
"/collections/hot-drinks","/collections/hot-drinks","301"
"/en/collections/hot-drinks","/en/collections/hot-drinks","301"
"/collections/cold-drinks","/collections/cold-drinks","301"
"/en/collections/cold-drinks","/en/collections/cold-drinks","301"
"/collections/winter-products","/collections/winter-products","301"
"/en/collections/winter-products","/en/collections/winter-products","301"
"/collections/ramadan-pottery","/collections/ramadan-pottery","301"
"/en/collections/ramadan-pottery","/en/collections/ramadan-pottery","301"
"/collections/ramadan-arabic-sweets","/collections/ramadan-arabic-sweets","301"
"/en/collections/ramadan-arabic-sweets","/en/collections/ramadan-arabic-sweets","301"
"/collections/ramadan-arabic-sweets-1","/collections/ramadan-arabic-sweets-1","301"
"/en/collections/ramadan-arabic-sweets-1","/en/collections/ramadan-arabic-sweets-1","301"
"/collections/ramadan-savory-fried-food","/collections/ramadan-savory-fried-food","301"
"/en/collections/ramadan-savory-fried-food","/en/collections/ramadan-savory-fried-food","301"
"/collections/ramadan-juices","/collections/ramadan-juices","301"
"/en/collections/ramadan-juices","/en/collections/ramadan-juices","301"
"/collections/gifts-for-fathers","/collections/gifts-for-fathers","301"
"/en/collections/gifts-for-fathers","/en/collections/gifts-for-fathers","301"
"/collections/gifts-for-mother","/collections/gifts-for-mother","301"
"/en/collections/gifts-for-mother","/en/collections/gifts-for-mother","301"
"/collections/gifts-for-friends","/collections/gifts-for-friends","301"
"/en/collections/gifts-for-friends","/en/collections/gifts-for-friends","301"
"/collections/gifts-for-colleagues","/collections/gifts-for-colleagues","301"
"/en/collections/gifts-for-colleagues","/en/collections/gifts-for-colleagues","301"
"/collections/gifts-for-kids","/collections/gifts-for-kids","301"
"/en/collections/gifts-for-kids","/en/collections/gifts-for-kids","301"
"/collections/gifts-for-corporate","/collections/gifts-for-corporate","301"
"/en/collections/gifts-for-corporate","/en/collections/gifts-for-corporate","301"
"/collections/wedding","/collections/wedding","301"
"/en/collections/wedding","/en/collections/wedding","301"
"/collections/ramadan","/collections/ramadan","301"
"/en/collections/ramadan","/en/collections/ramadan","301"
"/collections/birthdays","/collections/birthdays","301"
"/en/collections/birthdays","/en/collections/birthdays","301"
"/collections/eid","/collections/eid","301"
"/en/collections/eid","/en/collections/eid","301"
"/collections/new-baby","/collections/new-baby","301"
"/en/collections/new-baby","/en/collections/new-baby","301"
"/collections/national-day","/collections/national-day","301"
"/en/collections/national-day","/en/collections/national-day","301"
"/collections/mothers-day","/collections/mothers-day","301"
"/en/collections/mothers-day","/en/collections/mothers-day","301"
"/collections/graduation","/collections/graduation","301"
"/en/collections/graduation","/en/collections/graduation","301"
"/collections/classic-packages","/collections/classic-packages","301"
"/en/collections/classic-packages","/en/collections/classic-packages","301"
"/collections/featured-packages","/collections/featured-packages","301"
"/en/collections/featured-packages","/en/collections/featured-packages","301"
"/pages/contact","/pages/contact","301"
"/en/pages/contact","/en/pages/contact","301"
"/pages/data-sharing-opt-out","/pages/data-sharing-opt-out","301"
"/en/pages/data-sharing-opt-out","/en/pages/data-sharing-opt-out","301"